#manufacturer,instrument category,instrument,family,material,item,mass per length,diameter,scale length,t1,t2,t3,t4,t5,t6,t7,t8,set,order,ipn,designation,Tension Name,helmholtz_range,ipn_range
D'Addario,classical,guitar,D'Addario Classic,rectified clear nylon,J2801,0.00002065,0.028,25.5,16.9,15.1,12,9.5,8.5,6.7,5.3,4.2,EJ28,1,E4,treble,<MISSING>,f'|e'|d'|c'|b|a|g|f,F4|E4|D4|C4|B3|A3|G3|F3
D'Addario,classical,guitar,D'Addario Classic,rectified clear nylon,J2802,0.000029,0.031,25.5,23.8,21.2,16.8,13.4,11.9,9.4,7.5,6,EJ28,2,B3,treble,<MISSING>,f'|e'|d'|c'|b|a|g|f,F4|E4|D4|C4|B3|A3|G3|F3
D'Addario,classical,guitar,D'Addario Classic,rectified clear nylon,J2803,0.00004602,0.039,25.5,37.8,33.7,26.7,21.2,18.9,15,11.9,9.4,EJ28,3,G3,treble,<MISSING>,f'|e'|d'|c'|b|a|g|f,F4|E4|D4|C4|B3|A3|G3|F3
D'Addario,classical,guitar,D'Addario Classic,flat sterling silver wound,J2804,0.00011030,<MISSING>,25.5,16.0,12.7,11.3,9.0,7.1,5.7,5.0,4.0,EJ28,4,D3,bass,<MISSING>,d|c|B|A|G|F|E|D,D3|C3|B2|A2|G2|F2|E2|D2
D'Addario,classical,guitar,D'Addario Classic,flat sterling silver wound,J2805,0.00021363,<MISSING>,25.5,-,-,-,17.4,13.8,11.0,9.8,7.7,EJ28,5,A2,bass,<MISSING>,d|c|B|A|G|F|E|D,D3|C3|B2|A2|G2|F2|E2|D2
D'Addario,classical,guitar,D'Addario Classic,flat sterling silver wound,J2806,0.00031726,<MISSING>,25.5,-,-,-,-,20.5,16.3,14.5,11.5,EJ28,6,E2,bass,<MISSING>,d|c|B|A|G|F|E|D,D3|C3|B2|A2|G2|F2|E2|D2
D'Addario,classical,guitar,D'Addario Classic,rectified clear nylon,J2901,0.00001928,0.027,25.5,15.8,14.1,11.2,8.9,7.9,6.3,5,4,EJ29,1,E4,treble,moderate tension,f'|e'|d'|c'|b|a|g|f,F4|E4|D4|C4|B3|A3|G3|F3
D'Addario,classical,guitar,D'Addario Classic,rectified clear nylon,J2902,0.00002803,0.031,25.5,23,20.5,16.3,12.9,11.5,9.1,7.2,5.8,EJ29,2,B3,treble,moderate tension,f'|e'|d'|c'|b|a|g|f,F4|E4|D4|C4|B3|A3|G3|F3
D'Addario,classical,guitar,D'Addario Classic,rectified clear nylon,J2903,0.00004486,0.039,25.5,36.8,32.8,26,20.7,18.4,14.6,11.6,9.2,EJ29,3,G3,treble,moderate tension,f'|e'|d'|c'|b|a|g|f,F4|E4|D4|C4|B3|A3|G3|F3
D'Addario,classical,guitar,D'Addario Classic,silverplated copper wound,J2904,0.00010203,0.028,25.5,14.8,11.7,10.5,8.3,6.6,5.2,4.7,3.7,EJ29,4,D3,bass,moderate tension,d|c|B|A|G|F|E|D,D3|C3|B2|A2|G2|F2|E2|D2
D'Addario,classical,guitar,D'Addario Classic,silverplated copper wound,J2905,0.00015347,0.033,25.5,-,17.7,15.8,12.5,9.9,7.9,7,5.6,EJ29,5,A2,bass,moderate tension,d|c|B|A|G|F|E|D,D3|C3|B2|A2|G2|F2|E2|D2
D'Addario,classical,guitar,D'Addario Classic,silverplated copper wound,J2906,0.00028881,0.042,25.5,-,-,-,-,18.7,14.8,13.2,10.5,EJ29,6,E2,bass,moderate tension,d|c|B|A|G|F|E|D,D3|C3|B2|A2|G2|F2|E2|D2
D'Addario,classical,guitar,D'Addario Classic,rectified clear nylon,J3001,0.00002065,0.028,25.5,16.9,15.1,12,9.5,8.5,6.7,5.3,4.2,EJ30,1,E4,treble,normal tension,f'|e'|d'|c'|b|a|g|f,F4|E4|D4|C4|B3|A3|G3|F3
D'Addario,classical,guitar,D'Addario Classic,rectified clear nylon,J3002,0.000029,0.031,25.5,23.8,21.2,16.8,13.4,11.9,9.4,7.5,6,EJ30,2,B3,treble,normal tension,f'|e'|d'|c'|b|a|g|f,F4|E4|D4|C4|B3|A3|G3|F3
D'Addario,classical,guitar,D'Addario Classic,rectified clear nylon,J3003,0.00004602,0.039,25.5,37.8,33.7,26.7,21.2,18.9,15,11.9,9.4,EJ30,3,G3,treble,normal tension,f'|e'|d'|c'|b|a|g|f,F4|E4|D4|C4|B3|A3|G3|F3
D'Addario,classical,guitar,D'Addario Classic,silverplated copper wound,J3004,0.00010616,0.029,25.5,15.4,12.2,10.9,8.6,6.9,5.4,4.9,3.8,EJ30,4,D3,bass,normal tension,d|c|B|A|G|F|E|D,D3|C3|B2|A2|G2|F2|E2|D2
D'Addario,classical,guitar,D'Addario Classic,silverplated copper wound,J3005,0.00018416,0.035,25.5,-,-,18.9,15,11.9,9.4,8.4,6.7,EJ30,5,A2,bass,normal tension,d|c|B|A|G|F|E|D,D3|C3|B2|A2|G2|F2|E2|D2
D'Addario,classical,guitar,D'Addario Classic,silverplated copper wound,J3006,0.00030194,0.043,25.5,-,-,-,-,19.5,15.5,13.8,11,EJ30,6,E2,bass,normal tension,d|c|B|A|G|F|E|D,D3|C3|B2|A2|G2|F2|E2|D2
D'Addario,classical,guitar,D'Addario Classic,rectified clear nylon,J3101,0.00002284,0.029,25.5,18.7,16.7,13.3,10.5,9.4,7.4,5.9,4.7,EJ31,1,E4,treble,hard tension,f'|e'|d'|c'|b|a|g|f,F4|E4|D4|C4|B3|A3|G3|F3
D'Addario,classical,guitar,D'Addario Classic,rectified clear nylon,J3102,0.00003022,0.033,25.5,24.8,22.1,17.5,13.9,12.4,9.8,7.8,6.2,EJ31,2,B3,treble,hard tension,f'|e'|d'|c'|b|a|g|f,F4|E4|D4|C4|B3|A3|G3|F3
D'Addario,classical,guitar,D'Addario Classic,rectified clear nylon,J3103,0.00004989,0.041,25.5,40.9,36.5,29,23,20.5,16.3,12.9,10.2,EJ31,3,G3,treble,hard tension,f'|e'|d'|c'|b|a|g|f,F4|E4|D4|C4|B3|A3|G3|F3
D'Addario,classical,guitar,D'Addario Classic,silverplated copper wound,J3104,0.00011512,0.030,25.5,16.7,13.3,11.8,9.4,7.4,5.9,5.3,4.2,EJ31,4,D3,bass,hard tension,d|c|B|A|G|F|E|D,D3|C3|B2|A2|G2|F2|E2|D2
D'Addario,classical,guitar,D'Addario Classic,silverplated copper wound,J3105,0.00019153,0.036,25.5,-,-,19.7,15.6,12.4,9.8,8.8,6.9,EJ31,5,A2,bass,hard tension,d|c|B|A|G|F|E|D,D3|C3|B2|A2|G2|F2|E2|D2
D'Addario,classical,guitar,D'Addario Classic,silverplated copper wound,J3106,0.00031726,0.044,25.5,-,-,-,-,20.5,16.3,14.5,11.5,EJ31,6,E2,bass,hard tension,d|c|B|A|G|F|E|D,D3|C3|B2|A2|G2|F2|E2|D2
D'Addario,classical,guitar,Pro-Arté,clear nylon,J4301,0.00002024,0.0275,25.5,16.6,14.8,11.8,9.3,8.3,6.6,5.2,4.2,EJ43,1,E4,treble,light tension,f'|e'|d'|c'|b|a|g|f,F4|E4|D4|C4|B3|A3|G3|F3
D'Addario,classical,guitar,Pro-Arté,clear nylon,J4302,0.00002729,0.0317,25.5,22.4,20,15.8,12.6,11.2,8.9,7.1,5.6,EJ43,2,B3,treble,light tension,f'|e'|d'|c'|b|a|g|f,F4|E4|D4|C4|B3|A3|G3|F3
D'Addario,classical,guitar,Pro-Arté,clear nylon,J4303,0.00004525,0.0397,25.5,37.1,33.1,26.3,20.8,18.6,14.7,11.7,9.3,EJ43,3,G3,treble,light tension,f'|e'|d'|c'|b|a|g|f,F4|E4|D4|C4|B3|A3|G3|F3
D'Addario,classical,guitar,Pro-Arté,silverplated wound,J4304,0.00010203,0.028,25.5,14.8,11.7,10.5,8.3,6.6,5.2,4.7,3.7,EJ43,4,D3,bass,light tension,d|c|B|A|G|F|E|D,D3|C3|B2|A2|G2|F2|E2|D2
D'Addario,classical,guitar,Pro-Arté,silverplated wound,J4305,0.00015347,0.033,25.5,-,17.7,15.8,12.5,9.9,7.9,7,5.6,EJ43,5,A2,bass,light tension,d|c|B|A|G|F|E|D,D3|C3|B2|A2|G2|F2|E2|D2
D'Addario,classical,guitar,Pro-Arté,silverplated wound,J4306,0.00028881,0.042,25.5,-,-,-,23.5,18.7,14.8,13.2,10.5,EJ43,6,E2,bass,light tension,d|c|B|A|G|F|E|D,D3|C3|B2|A2|G2|F2|E2|D2
D'Addario,classical,guitar,Pro-Arté,laser select clear nylon,J4401,0.00002243,0.029,25.5,18.4,16.4,13,10.3,9.2,7.3,5.8,4.6,EJ44,1,E4,treble,extra hard tension,f'|e'|d'|c'|b|a|g|f,F4|E4|D4|C4|B3|A3|G3|F3
D'Addario,classical,guitar,Pro-Arté,laser select clear nylon,J4402,0.00003046,0.0333,25.5,25,22.3,17.7,14,12.5,9.9,7.9,6.3,EJ44,2,B3,treble,extra hard tension,f'|e'|d'|c'|b|a|g|f,F4|E4|D4|C4|B3|A3|G3|F3
D'Addario,classical,guitar,Pro-Arté,laser select clear nylon,J4403,0.00004989,0.0416,25.5,40.9,36.5,29,23,20.5,16.3,12.9,10.2,EJ44,3,G3,treble,extra hard tension,f'|e'|d'|c'|b|a|g|f,F4|E4|D4|C4|B3|A3|G3|F3
D'Addario,classical,guitar,Pro-Arté,EXP coated laser select clear nylon,J4401/EXP,0.00002243,0.029,25.5,18.4,16.4,13,10.3,9.2,7.3,5.8,4.6,EJ44,1,E4,treble,extra hard tension,f'|e'|d'|c'|b|a|g|f,F4|E4|D4|C4|B3|A3|G3|F3
D'Addario,classical,guitar,Pro-Arté,EXP coated laser select clear nylon,J4402/EXP,0.00003046,0.0333,25.5,25,22.3,17.7,14,12.5,9.9,7.9,6.3,EJ44,2,B3,treble,extra hard tension,f'|e'|d'|c'|b|a|g|f,F4|E4|D4|C4|B3|A3|G3|F3
D'Addario,classical,guitar,Pro-Arté,EXP coated laser select clear nylon,J4403/EXP,0.00004989,0.0416,25.5,40.9,36.5,29,23,20.5,16.3,12.9,10.2,EJ44,3,G3,treble,extra hard tension,f'|e'|d'|c'|b|a|g|f,F4|E4|D4|C4|B3|A3|G3|F3
D'Addario,classical,guitar,Pro-Arté,composite,J4403C,0.00005298,0.038,25.5,43.5,38.7,30.8,24.4,21.7,17.3,13.7,10.9,EJ44C,3,G3,treble,extra hard tension,f'|e'|d'|c'|b|a|g|f,F4|E4|D4|C4|B3|A3|G3|F3
D'Addario,classical,guitar,Pro-Arté,silverplated wound,J4404,0.00011237,0.03,25.5,16.3,12.9,11.5,9.2,7.3,5.8,5.1,4.1,EJ44,4,D3,bass,extra hard tension,d|c|B|A|G|F|E|D,D3|C3|B2|A2|G2|F2|E2|D2
D'Addario,classical,guitar,Pro-Arté,silverplated wound,J4405,0.00019521,0.036,25.5,-,-,20,15.9,12.6,10,8.9,7.1,EJ44,5,A2,bass,extra hard tension,d|c|B|A|G|F|E|D,D3|C3|B2|A2|G2|F2|E2|D2
D'Addario,classical,guitar,Pro-Arté,silverplated wound,J4406,0.00034351,0.045,25.5,-,-,-,-,-,17.6,15.7,12.5,EJ44,6,E2,bass,extra hard tension,d|c|B|A|G|F|E|D,D3|C3|B2|A2|G2|F2|E2|D2
D'Addario,classical,guitar,Pro-Arté,composite silverplated copper wound,J4404C,0.00011581,0.030,25.5,16.8,13.3,11.9,9.4,7.5,5.9,5.3,4.2,EJ44C,4,D3,bass,extra hard tension,d|c|B|A|G|F|E|D,D3|C3|B2|A2|G2|F2|E2|D2
D'Addario,classical,guitar,Pro-Arté,composite silverplated copper wound,J4405C,0.00020381,0.036,25.5,-,23.5,20.9,16.6,13.2,10.5,9.3,7.4,EJ44C,5,A2,bass,extra hard tension,d|c|B|A|G|F|E|D,D3|C3|B2|A2|G2|F2|E2|D2
D'Addario,classical,guitar,Pro-Arté,composite silverplated copper wound,J4406C,0.00036758,0.047,25.5,-,-,-,-,23.8,18.9,16.8,13.3,EJ44C,6,E2,bass,extra hard tension,d|c|B|A|G|F|E|D,D3|C3|B2|A2|G2|F2|E2|D2
D'Addario,classical,guitar,Pro-Arté,laser select clear nylon,J4501,0.00002092,0.028,25.5,17.2,15.3,12.1,9.6,8.6,6.8,5.4,4.3,EJ45,1,E4,treble,normal tension,f'|e'|d'|c'|b|a|g|f,F4|E4|D4|C4|B3|A3|G3|F3
D'Addario,classical,guitar,Pro-Arté,laser select clear nylon,J4502,0.00002827,0.033,25.5,23.2,20.7,16.4,13,11.6,9.2,7.3,5.8,EJ45,2,B3,treble,normal tension,f'|e'|d'|c'|b|a|g|f,F4|E4|D4|C4|B3|A3|G3|F3
D'Addario,classical,guitar,Pro-Arté,laser select clear nylon,J4503,0.00004679,0.0403,25.5,38.4,34.2,27.2,21.6,19.2,15.2,12.1,9.6,EJ45,3,G3,treble,normal tension,f'|e'|d'|c'|b|a|g|f,F4|E4|D4|C4|B3|A3|G3|F3
D'Addario,classical,guitar,Pro-Arté,EXP coated laser select clear nylon,J4501/EXP,0.00002092,0.028,25.5,17.2,15.3,12.1,9.6,8.6,6.8,5.4,4.3,EJ45,1,E4,treble,normal tension,f'|e'|d'|c'|b|a|g|f,F4|E4|D4|C4|B3|A3|G3|F3
D'Addario,classical,guitar,Pro-Arté,EXP coated laser select clear nylon,J4502/EXP,0.00002827,0.033,25.5,23.2,20.7,16.4,13,11.6,9.2,7.3,5.8,EJ45,2,B3,treble,normal tension,f'|e'|d'|c'|b|a|g|f,F4|E4|D4|C4|B3|A3|G3|F3
D'Addario,classical,guitar,Pro-Arté,EXP coated laser select clear nylon,J4503/EXP,0.00004679,0.0403,25.5,38.4,34.2,27.2,21.6,19.2,15.2,12.1,9.6,EJ45,3,G3,treble,normal tension,f'|e'|d'|c'|b|a|g|f,F4|E4|D4|C4|B3|A3|G3|F3
D'Addario,classical,guitar,Pro-Arté,composite,J4503C,0.00004795,0.036,25.5,39.4,35.1,27.8,22.1,19.7,15.6,12.4,9.8,EJ45C,3,G3,treble,normal tension,f'|e'|d'|c'|b|a|g|f,F4|E4|D4|C4|B3|A3|G3|F3
D'Addario,classical,guitar,Pro-Arté,silverplated wound,J4504,0.00010754,0.029,25.5,15.6,12.4,11,8.8,7,5.5,4.9,3.9,EJ45,4,D3,bass,normal tension,d|c|B|A|G|F|E|D,D3|C3|B2|A2|G2|F2|E2|D2
D'Addario,classical,guitar,Pro-Arté,silverplated wound,J4505,0.00018416,0.035,25.5,-,-,18.9,15,11.9,9.4,8.4,6.7,EJ45,5,A2,bass,normal tension,d|c|B|A|G|F|E|D,D3|C3|B2|A2|G2|F2|E2|D2
D'Addario,classical,guitar,Pro-Arté,silverplated wound,J4506,0.00030632,0.043,25.5,-,-,-,-,19.8,15.7,14,11.1,EJ45,6,E2,bass,normal tension,d|c|B|A|G|F|E|D,D3|C3|B2|A2|G2|F2|E2|D2
D'Addario,classical,guitar,Pro-Arté,composite silverplated copper wound,J4504C,0.00009858,0.028,25.5,14.3,11.4,10.1,8.0,6.4,5.1,4.5,3.6,EJ45C,4,D3,bass,normal tension,d|c|B|A|G|F|E|D,D3|C3|B2|A2|G2|F2|E2|D2
D'Addario,classical,guitar,Pro-Arté,composite silverplated copper wound,J4505C,0.00017925,0.035,25.5,-,20.6,18.4,14.6,11.6,9.2,8.2,6.5,EJ45C,5,A2,bass,normal tension,d|c|B|A|G|F|E|D,D3|C3|B2|A2|G2|F2|E2|D2
D'Addario,classical,guitar,Pro-Arté,composite silverplated copper wound,J4506C,0.00033257,0.044,25.5,-,-,-,-,21.5,17.1,15.2,12.1,EJ45C,6,E2,bass,normal tension,d|c|B|A|G|F|E|D,D3|C3|B2|A2|G2|F2|E2|D2
D'Addario,classical,guitar,Pro-Arté,composite silverplated copper wound lightly polished,J4504LP,0.00009582,0.027,25.5,13.9,11.0,9.8,7.8,6.2,4.9,4.4,3.5,EJ45LP,4,D3,bass,normal tension,d|c|B|A|G|F|E|D,D3|C3|B2|A2|G2|F2|E2|D2
D'Addario,classical,guitar,Pro-Arté,composite silverplated copper wound lightly polished,J4505LP,0.00017066,0.033,25.5,-,19.7,17.5,13.9,11.0,8.8,7.8,6.2,EJ45LP,5,A2,bass,normal tension,d|c|B|A|G|F|E|D,D3|C3|B2|A2|G2|F2|E2|D2
D'Addario,classical,guitar,Pro-Arté,composite silverplated copper wound lightly polished,J4506LP,0.00031288,0.043,25.5,-,-,-,-,20.2,16.1,14.3,11.3,EJ45LP,6,E2,bass,normal tension,d|c|B|A|G|F|E|D,D3|C3|B2|A2|G2|F2|E2|D2
D'Addario,classical,guitar,Pro-Arté,laser select clear nylon,J4601,0.00002161,0.0285,25.5,17.7,15.8,12.5,10,8.9,7,5.6,4.4,EJ46|EJ48,1,E4,treble,hard tension,f'|e'|d'|c'|b|a|g|f,F4|E4|D4|C4|B3|A3|G3|F3
D'Addario,classical,guitar,Pro-Arté,laser select clear nylon,J4602,0.00002924,0.0327,25.5,24,21.4,17,13.5,12,9.5,7.6,6,EJ46|EJ48,2,B3,treble,hard tension,f'|e'|d'|c'|b|a|g|f,F4|E4|D4|C4|B3|A3|G3|F3
D'Addario,classical,guitar,Pro-Arté,laser select clear nylon,J4603,0.00004795,0.041,25.5,39.4,35.1,27.8,22.1,19.7,15.6,12.4,9.8,EJ46|EJ48,3,G3,treble,hard tension,f'|e'|d'|c'|b|a|g|f,F4|E4|D4|C4|B3|A3|G3|F3
D'Addario,classical,guitar,Pro-Arté,EXP coated laser select clear nylon,J4601/EXP,0.00002161,0.0285,25.5,17.7,15.8,12.5,10,8.9,7,5.6,4.4,EJ46|EJ48,1,E4,treble,hard tension,f'|e'|d'|c'|b|a|g|f,F4|E4|D4|C4|B3|A3|G3|F3
D'Addario,classical,guitar,Pro-Arté,EXP coated laser select clear nylon,J4602/EXP,0.00002924,0.0327,25.5,24,21.4,17,13.5,12,9.5,7.6,6,EJ46|EJ48,2,B3,treble,hard tension,f'|e'|d'|c'|b|a|g|f,F4|E4|D4|C4|B3|A3|G3|F3
D'Addario,classical,guitar,Pro-Arté,EXP coated laser select clear nylon,J4603/EXP,0.00004795,0.041,25.5,39.4,35.1,27.8,22.1,19.7,15.6,12.4,9.8,EJ46|EJ48,3,G3,treble,hard tension,f'|e'|d'|c'|b|a|g|f,F4|E4|D4|C4|B3|A3|G3|F3
D'Addario,classical,guitar,Pro-Arté,composite,J4603C,0.00005066,0.037,25.5,41.6,37.0,29.4,23.3,20.8,16.5,13.1,10.4,EJ46C,3,G3,treble,hard tension,f'|e'|d'|c'|b|a|g|f,F4|E4|D4|C4|B3|A3|G3|F3
D'Addario,classical,guitar,Pro-Arté,silverplated wound,J4604,0.00011237,0.03,25.5,16.3,12.9,11.5,9.2,7.3,5.8,5.1,4.1,EJ46,4,D3,bass,hard tension,d|c|B|A|G|F|E|D,D3|C3|B2|A2|G2|F2|E2|D2
D'Addario,classical,guitar,Pro-Arté,silverplated wound,J4605,0.00019521,0.036,25.5,-,-,20,15.9,12.6,10,8.9,7.1,EJ46,5,A2,bass,hard tension,d|c|B|A|G|F|E|D,D3|C3|B2|A2|G2|F2|E2|D2
D'Addario,classical,guitar,Pro-Arté,silverplated wound,J4606,0.00031726,0.044,25.5,-,-,-,-,20.5,16.3,14.5,11.5,EJ46,6,E2,bass,hard tension,d|c|B|A|G|F|E|D,D3|C3|B2|A2|G2|F2|E2|D2
D'Addario,classical,guitar,Pro-Arté,composite silverplated copper wound,J4604C,0.00011030,0.029,25.5,16.0,12.7,11.3,9.0,7.1,5.7,5.0,4.0,EJ46C,4,D3,bass,hard tension,d|c|B|A|G|F|E|D,D3|C3|B2|A2|G2|F2|E2|D2
D'Addario,classical,guitar,Pro-Arté,composite silverplated copper wound,J4605C,0.00020381,0.036,25.5,-,23.5,20.9,16.6,13.2,10.5,9.3,7.4,EJ46C,5,A2,bass,hard tension,d|c|B|A|G|F|E|D,D3|C3|B2|A2|G2|F2|E2|D2
D'Addario,classical,guitar,Pro-Arté,composite silverplated copper wound,J4606C,0.00035226,0.046,25.5,-,-,-,-,22.8,18.1,16.1,12.8,EJ46C,6,E2,bass,hard tension,d|c|B|A|G|F|E|D,D3|C3|B2|A2|G2|F2|E2|D2
D'Addario,classical,guitar,Pro-Arté,composite silverplated copper wound lightly polished,J4604LP,0.00011168,0.029,25.5,16.2,12.9,11.5,9.1,7.2,5.7,5.1,4.1,EJ46LP,4,D3,bass,hard tension,d|c|B|A|G|F|E|D,D3|C3|B2|A2|G2|F2|E2|D2
D'Addario,classical,guitar,Pro-Arté,composite silverplated copper wound lightly polished,J4605LP,0.00019890,0.035,25.5,-,22.9,20.4,16.2,12.9,10.2,9.1,7.2,EJ46LP,5,A2,bass,hard tension,d|c|B|A|G|F|E|D,D3|C3|B2|A2|G2|F2|E2|D2
D'Addario,classical,guitar,Pro-Arté,composite silverplated copper wound lightly polished,J4606LP,0.00033914,0.044,25.5,-,-,-,-,21.9,17.4,15.5,12.3,EJ46LP,6,E2,bass,hard tension,d|c|B|A|G|F|E|D,D3|C3|B2|A2|G2|F2|E2|D2
D'Addario,classical,guitar,Pro-Arté,laser select clear nylon,J4701,0.00002092,0.028,25.5,17.2,15.3,12.1,9.6,8.6,6.8,5.4,4.3,EJ47,1,E4,treble,normal tension,f'|e'|d'|c'|b|a|g|f,F4|E4|D4|C4|B3|A3|G3|F3
D'Addario,classical,guitar,Pro-Arté,laser select clear nylon,J4702,0.00002827,0.033,25.5,23.2,20.7,16.4,13,11.6,9.2,7.3,5.8,EJ47,2,B3,treble,normal tension,f'|e'|d'|c'|b|a|g|f,F4|E4|D4|C4|B3|A3|G3|F3
D'Addario,classical,guitar,Pro-Arté,laser select clear nylon,J4703,0.00004679,0.0403,25.5,38.4,34.2,27.2,21.6,19.2,15.2,12.1,9.6,EJ47,3,G3,treble,normal tension,f'|e'|d'|c'|b|a|g|f,F4|E4|D4|C4|B3|A3|G3|F3
D'Addario,classical,guitar,Pro-Arté,bronze wound,J4704,0.00010616,0.029,25.5,15.4,12.2,10.9,8.6,6.9,5.4,4.9,3.8,EJ47,4,D3,bass,normal tension,d|c|B|A|G|F|E|D,D3|C3|B2|A2|G2|F2|E2|D2
D'Addario,classical,guitar,Pro-Arté,bronze wound,J4705,0.00017311,0.035,25.5,-,19.9,17.8,14.1,11.2,8.9,7.9,6.3,EJ47,5,A2,bass,normal tension,d|c|B|A|G|F|E|D,D3|C3|B2|A2|G2|F2|E2|D2
D'Addario,classical,guitar,Pro-Arté,bronze wound,J4706,0.000291,0.043,25.5,-,-,-,-,18.8,14.9,13.3,10.6,EJ47,6,E2,bass,normal tension,d|c|B|A|G|F|E|D,D3|C3|B2|A2|G2|F2|E2|D2
D'Addario,classical,guitar,Pro-Arté,laser select clear nylon,J4801,0.00002161,0.0285,25.5,17.7,15.8,12.5,10,8.9,7,5.6,4.4,EJ48,1,E4,treble,hard tension,f'|e'|d'|c'|b|a|g|f,F4|E4|D4|C4|B3|A3|G3|F3
D'Addario,classical,guitar,Pro-Arté,laser select clear nylon,J4802,0.00002924,0.0327,25.5,24,21.4,17,13.5,12,9.5,7.6,6,EJ48,2,B3,treble,hard tension,f'|e'|d'|c'|b|a|g|f,F4|E4|D4|C4|B3|A3|G3|F3
D'Addario,classical,guitar,Pro-Arté,laser select clear nylon,J4803,0.00004795,0.041,25.5,39.4,35.1,27.8,22.1,19.7,15.6,12.4,9.8,EJ48,3,G3,treble,hard tension,f'|e'|d'|c'|b|a|g|f,F4|E4|D4|C4|B3|A3|G3|F3
D'Addario,classical,guitar,Pro-Arté,bronze wound,J4804,0.00011237,0.030,25.5,16.3,12.9,11.5,9.2,7.3,5.8,5.1,4.1,EJ48,4,D3,bass,hard tension,d|c|B|A|G|F|E|D,D3|C3|B2|A2|G2|F2|E2|D2
D'Addario,classical,guitar,Pro-Arté,bronze wound,J4805,0.00018171,0.036,25.5,-,-,18.7,14.8,11.7,9.3,8.3,6.6,EJ48,5,A2,bass,hard tension,d|c|B|A|G|F|E|D,D3|C3|B2|A2|G2|F2|E2|D2
D'Addario,classical,guitar,Pro-Arté,bronze wound,J4806,0.00030632,0.044,25.5,-,-,-,-,19.8,15.7,14,11.1,EJ48,6,E2,bass,hard tension,d|c|B|A|G|F|E|D,D3|C3|B2|A2|G2|F2|E2|D2
D'Addario,classical,guitar,Pro-Arté,laser select black nylon,J4901,0.00002092,0.028,25.5,17.2,15.3,12.1,9.6,8.6,6.8,5.4,4.3,EJ49,1,E4,treble,normal tension,f'|e'|d'|c'|b|a|g|f,F4|E4|D4|C4|B3|A3|G3|F3
D'Addario,classical,guitar,Pro-Arté,laser select black nylon,J4902,0.00002827,0.0322,25.5,23.2,20.7,16.4,13,11.6,9.2,7.3,5.8,EJ49,2,B3,treble,normal tension,f'|e'|d'|c'|b|a|g|f,F4|E4|D4|C4|B3|A3|G3|F3
D'Addario,classical,guitar,Pro-Arté,laser select black nylon,J4903,0.00004679,0.0403,25.5,38.4,34.2,27.2,21.6,19.2,15.2,12.1,9.6,EJ49,3,G3,treble,normal tension,f'|e'|d'|c'|b|a|g|f,F4|E4|D4|C4|B3|A3|G3|F3
D'Addario,classical,guitar,Pro-Arté,silverplated wound,J4904,0.00010754,0.029,25.5,15.6,12.4,11,8.8,7,5.5,4.9,3.9,EJ49,4,D3,bass,normal tension,d|c|B|A|G|F|E|D,D3|C3|B2|A2|G2|F2|E2|D2
D'Addario,classical,guitar,Pro-Arté,silverplated wound,J4905,0.00018416,0.035,25.5,-,-,18.9,15,11.9,9.4,8.4,6.7,EJ49,5,A2,bass,normal tension,d|c|B|A|G|F|E|D,D3|C3|B2|A2|G2|F2|E2|D2
D'Addario,classical,guitar,Pro-Arté,silverplated wound,J4906,0.00030632,0.043,25.5,-,-,-,-,19.8,15.7,14,11.1,EJ49,6,E2,bass,normal tension,d|c|B|A|G|F|E|D,D3|C3|B2|A2|G2|F2|E2|D2
D'Addario,classical,guitar,Pro-Arté,laser select black nylon,J5001,0.00002161,0.0285,25.5,17.7,15.8,12.5,10,8.9,7,5.6,4.4,EJ50,1,E4,treble,hard tension,f'|e'|d'|c'|b|a|g|f,F4|E4|D4|C4|B3|A3|G3|F3
D'Addario,classical,guitar,Pro-Arté,laser select black nylon,J5002,0.00002924,0.0327,25.5,24,21.4,17,13.5,12,9.5,7.6,6,EJ50,2,B3,treble,hard tension,f'|e'|d'|c'|b|a|g|f,F4|E4|D4|C4|B3|A3|G3|F3
D'Addario,classical,guitar,Pro-Arté,laser select black nylon,J5003,0.00004795,0.041,25.5,39.4,35.1,27.8,22.1,19.7,15.6,12.4,9.8,EJ50,3,G3,treble,hard tension,f'|e'|d'|c'|b|a|g|f,F4|E4|D4|C4|B3|A3|G3|F3
D'Addario,classical,guitar,Pro-Arté,silverplated wound,J5004,0.00011237,0.03,25.5,16.3,12.9,11.5,9.2,7.3,5.8,5.1,4.1,EJ50,4,D3,bass,hard tension,d|c|B|A|G|F|E|D,D3|C3|B2|A2|G2|F2|E2|D2
D'Addario,classical,guitar,Pro-Arté,silverplated wound,J5005,0.00019521,0.036,25.5,-,-,20,15.9,12.6,10,8.9,7.1,EJ50,5,A2,bass,hard tension,d|c|B|A|G|F|E|D,D3|C3|B2|A2|G2|F2|E2|D2
D'Addario,classical,guitar,Pro-Arté,silverplated wound,J5006,0.00031726,0.044,25.5,-,-,-,-,20.5,16.3,14.5,11.5,EJ50,6,E2,bass,hard tension,d|c|B|A|G|F|E|D,D3|C3|B2|A2|G2|F2|E2|D2
D'Addario,classical,guitar,Pro-Arté,laser select clear nylon,J5101,0.00002161,0.0285,25.5,17.7,15.8,12.5,10,8.9,7,5.6,4.4,EJ51,1,E4,treble,hard tension,f'|e'|d'|c'|b|a|g|f,F4|E4|D4|C4|B3|A3|G3|F3
D'Addario,classical,guitar,Pro-Arté,laser select clear nylon,J5102,0.00002924,0.0327,25.5,24,21.4,17,13.5,12,9.5,7.6,6,EJ51,2,B3,treble,hard tension,f'|e'|d'|c'|b|a|g|f,F4|E4|D4|C4|B3|A3|G3|F3
D'Addario,classical,guitar,Pro-Arté,laser select clear nylon,J5103,0.00004795,0.041,25.5,39.4,35.1,27.8,22.1,19.7,15.6,12.4,9.8,EJ51,3,G3,treble,hard tension,f'|e'|d'|c'|b|a|g|f,F4|E4|D4|C4|B3|A3|G3|F3
D'Addario,classical,guitar,Pro-Arté,flat silverplated copper wound,J5104,0.00013029,0.028,25.5,18.9,15,13.4,10.6,8.4,6.7,6,4.7,EJ51,4,D3,bass,hard tension,d|c|B|A|G|F|E|D,D3|C3|B2|A2|G2|F2|E2|D2
D'Addario,classical,guitar,Pro-Arté,flat silverplated copper wound,J5105,0.00020135,0.034,25.5,-,-,20.7,16.4,13,10.3,9.2,7.3,EJ51,5,A2,bass,hard tension,d|c|B|A|G|F|E|D,D3|C3|B2|A2|G2|F2|E2|D2
D'Addario,classical,guitar,Pro-Arté,flat silverplated copper wound,J5106,0.00035008,0.042,25.5,-,-,-,-,-,18,16,12.7,EJ51,6,E2,bass,hard tension,d|c|B|A|G|F|E|D,D3|C3|B2|A2|G2|F2|E2|D2
D'Addario,classical,guitar,D'Addario Classic,rectified clear nylon,NYL018,0.00000916,0.018,25.5,9.5,7.5,6.7,5.3,4.2,3.8,3.0,2.4,<MISSING>,<MISSING>,G4,treble,<MISSING>,g'|f'|e'|d'|c'|b|a|g,G4|F4|E4|D4|C4|B3|A3|G3
D'Addario,classical,guitar,D'Addario Classic,rectified clear nylon,NYL019,0.00001020,0.019,25.5,10.6,8.4,7.5,5.9,4.7,4.2,3.3,2.6,<MISSING>,<MISSING>,G4,treble,<MISSING>,g'|f'|e'|d'|c'|b|a|g,G4|F4|E4|D4|C4|B3|A3|G3
D'Addario,classical,guitar,D'Addario Classic,rectified clear nylon,NYL020,0.00001130,0.020,25.5,11.7,9.3,8.3,6.6,5.2,4.6,3.7,2.9,<MISSING>,<MISSING>,G4,treble,<MISSING>,g'|f'|e'|d'|c'|b|a|g,G4|F4|E4|D4|C4|B3|A3|G3
D'Addario,classical,guitar,D'Addario Classic,rectified clear nylon,NYL021,0.00001246,0.021,25.5,12.9,10.2,9.1,7.2,5.7,5.1,4.1,3.2,<MISSING>,<MISSING>,G4,treble,<MISSING>,g'|f'|e'|d'|c'|b|a|g,G4|F4|E4|D4|C4|B3|A3|G3
D'Addario,classical,guitar,D'Addario Classic,rectified clear nylon,NYL022,0.00001368,0.022,25.5,14.1,11.2,10.0,7.9,6.3,5.6,4.5,3.5,<MISSING>,<MISSING>,G4,treble,<MISSING>,g'|f'|e'|d'|c'|b|a|g,G4|F4|E4|D4|C4|B3|A3|G3
D'Addario,classical,guitar,D'Addario Classic,rectified clear nylon,NYL024,0.00001628,0.024,25.5,16.8,13.4,11.9,9.5,7.5,6.7,5.3,4.2,<MISSING>,<MISSING>,G4,treble,<MISSING>,g'|f'|e'|d'|c'|b|a|g,G4|F4|E4|D4|C4|B3|A3|G3
D'Addario,classical,guitar,D'Addario Classic,rectified clear nylon,NYL027,0.00002060,0.027,25.5,21.3,16.9,15.1,12.0,9.5,8.5,6.7,5.3,<MISSING>,<MISSING>,G4,treble,<MISSING>,g'|f'|e'|d'|c'|b|a|g,G4|F4|E4|D4|C4|B3|A3|G3
D'Addario,classical,guitar,D'Addario Classic,rectified clear nylon,NYL028,0.00002216,0.028,25.5,22.9,18.2,16.2,12.9,10.2,9.1,7.2,5.7,<MISSING>,<MISSING>,G4,treble,<MISSING>,g'|f'|e'|d'|c'|b|a|g,G4|F4|E4|D4|C4|B3|A3|G3
D'Addario,classical,guitar,D'Addario Classic,rectified clear nylon,NYL029,0.00002377,0.029,25.5,24.6,19.5,17.4,13.8,10.9,9.8,7.7,6.1,<MISSING>,<MISSING>,G4,treble,<MISSING>,g'|f'|e'|d'|c'|b|a|g,G4|F4|E4|D4|C4|B3|A3|G3
D'Addario,classical,guitar,D'Addario Classic,rectified clear nylon,NYL030,0.00002543,0.030,25.5,26.3,20.9,18.6,14.8,11.7,10.4,8.3,6.6,<MISSING>,<MISSING>,G4,treble,<MISSING>,g'|f'|e'|d'|c'|b|a|g,G4|F4|E4|D4|C4|B3|A3|G3
D'Addario,classical,guitar,D'Addario Classic,rectified clear nylon,NYL031,0.00002716,0.031,25.5,28.1,22.3,19.9,15.8,12.5,11.1,8.8,7.0,<MISSING>,<MISSING>,G4,treble,<MISSING>,g'|f'|e'|d'|c'|b|a|g,G4|F4|E4|D4|C4|B3|A3|G3
D'Addario,classical,guitar,D'Addario Classic,rectified clear nylon,NYL032,0.00002894,0.032,25.5,29.9,23.8,21.2,16.8,13.3,11.9,9.4,7.5,<MISSING>,<MISSING>,G4,treble,<MISSING>,g'|f'|e'|d'|c'|b|a|g,G4|F4|E4|D4|C4|B3|A3|G3
D'Addario,classical,guitar,D'Addario Classic,rectified clear nylon,NYL033,0.00003078,0.033,25.5,22.5,17.9,14.2,12.6,10.0,8.0,6.3,5.6,<MISSING>,<MISSING>,E4,treble,<MISSING>,e'|d'|c'|b|a|g|f|e,E4|D4|C4|B3|A3|G3|F3|E3
D'Addario,classical,guitar,D'Addario Classic,rectified clear nylon,NYL034,0.00003267,0.034,25.5,23.9,19.0,15.0,13.4,10.6,8.4,6.7,6.0,<MISSING>,<MISSING>,E4,treble,<MISSING>,e'|d'|c'|b|a|g|f|e,E4|D4|C4|B3|A3|G3|F3|E3
D'Addario,classical,guitar,D'Addario Classic,rectified clear nylon,NYL038,0.00004081,0.038,25.5,29.8,23.7,18.8,16.7,13.3,10.6,8.4,7.5,<MISSING>,<MISSING>,E4,treble,<MISSING>,e'|d'|c'|b|a|g|f|e,E4|D4|C4|B3|A3|G3|F3|E3
D'Addario,classical,guitar,D'Addario Classic,rectified clear nylon,NYL039,0.00004298,0.039,25.5,31.4,25.0,19.8,17.6,14.0,11.1,8.8,7.9,<MISSING>,<MISSING>,E4,treble,<MISSING>,e'|d'|c'|b|a|g|f|e,E4|D4|C4|B3|A3|G3|F3|E3
D'Addario,classical,guitar,D'Addario Classic,rectified clear nylon,NYL040,0.00004522,0.040,25.5,33.1,26.3,20.8,18.6,14.7,11.7,9.3,8.3,<MISSING>,<MISSING>,E4,treble,<MISSING>,e'|d'|c'|b|a|g|f|e,E4|D4|C4|B3|A3|G3|F3|E3
D'Addario,classical,guitar,D'Addario Classic,rectified clear nylon,NYL041,0.00004751,0.041,25.5,34.7,27.6,21.9,19.5,15.5,12.3,9.7,8.7,<MISSING>,<MISSING>,E4,treble,<MISSING>,e'|d'|c'|b|a|g|f|e,E4|D4|C4|B3|A3|G3|F3|E3
D'Addario,classical,guitar,D'Addario Classic,silverplated copper wound on nylon,NYL019W,0.00005341,0.019,25.5,-,11.0,9.8,7.7,6.2,5.5,4.4,3.5,<MISSING>,<MISSING>,F3,bass,<MISSING>,g|f|e|d|c|B|A|G,G3|F3|E3|D3|C3|B2|A2|G2
D'Addario,classical,guitar,D'Addario Classic,silverplated copper wound on nylon,NYL020W,0.00005341,0.020,25.5,-,11.0,9.8,7.7,6.2,5.5,4.4,3.5,<MISSING>,<MISSING>,F3,bass,<MISSING>,g|f|e|d|c|B|A|G,G3|F3|E3|D3|C3|B2|A2|G2
D'Addario,classical,guitar,D'Addario Classic,silverplated copper wound on nylon,NYL022W,0.00006498,0.022,25.5,-,-,11.9,9.4,7.5,6.7,5.3,4.2,<MISSING>,<MISSING>,E3,bass,<MISSING>,g|f|e|d|c|B|A|G,G3|F3|E3|D3|C3|B2|A2|G2
D'Addario,classical,guitar,D'Addario Classic,silverplated copper wound on nylon,NYL024W,0.00007408,0.024,25.5,-,15.2,13.5,10.7,8.5,7.6,6.0,4.8,<MISSING>,<MISSING>,F3,bass,<MISSING>,g|f|e|d|c|B|A|G,G3|F3|E3|D3|C3|B2|A2|G2
D'Addario,classical,guitar,D'Addario Classic,silverplated copper wound on nylon,NYL025W,0.00007023,0.025,25.5,18.2,14.4,12.8,10.2,8.1,7.2,5.7,4.5,<MISSING>,<MISSING>,G3,bass,<MISSING>,g|f|e|d|c|B|A|G,G3|F3|E3|D3|C3|B2|A2|G2
D'Addario,classical,guitar,D'Addario Classic,silverplated copper wound on nylon,NYL026W,0.00009438,0.026,25.5,-,-,17.3,13.7,10.9,9.7,7.7,6.1,<MISSING>,<MISSING>,E3,bass,<MISSING>,g|f|e|d|c|B|A|G,G3|F3|E3|D3|C3|B2|A2|G2
D'Addario,classical,guitar,D'Addario Classic,silverplated copper wound on nylon,NYL028W,0.00010511,0.028,25.5,-,21.6,19.2,15.2,12.1,10.8,8.6,6.8,<MISSING>,<MISSING>,F3,bass,<MISSING>,g|f|e|d|c|B|A|G,G3|F3|E3|D3|C3|B2|A2|G2
D'Addario,classical,guitar,D'Addario Classic,silverplated copper wound on nylon,NYL029W,0.00011667,0.029,25.5,-,-,21.3,16.9,13.4,12.0,9.5,7.5,<MISSING>,<MISSING>,E3,bass,<MISSING>,g|f|e|d|c|B|A|G,G3|F3|E3|D3|C3|B2|A2|G2
D'Addario,classical,guitar,D'Addario Classic,silverplated copper wound on nylon,NYL030W,0.00012419,0.030,25.5,-,-,22.7,18.0,14.3,12.8,10.1,8.0,<MISSING>,<MISSING>,E3,bass,<MISSING>,g|f|e|d|c|B|A|G,G3|F3|E3|D3|C3|B2|A2|G2
D'Addario,classical,guitar,D'Addario Classic,silverplated copper wound on nylon,NYL031W,0.00012821,0.031,25.5,-,26.3,23.4,18.6,14.8,13.2,10.4,8.3,<MISSING>,<MISSING>,F3,bass,<MISSING>,g|f|e|d|c|B|A|G,G3|F3|E3|D3|C3|B2|A2|G2
D'Addario,classical,guitar,D'Addario Classic,silverplated copper wound on nylon,NYL033W,0.00017913,0.033,25.5,-,20.6,18.4,14.6,11.6,9.2,8.2,6.5,<MISSING>,<MISSING>,C3,bass,<MISSING>,d|c|B|A|G|F|E|D,D3|C3|B2|A2|G2|F2|E2|D2
D'Addario,classical,guitar,D'Addario Classic,silverplated copper wound on nylon,NYL034W,0.00019270,0.034,25.5,-,-,19.8,15.7,12.5,9.9,8.8,7.0,<MISSING>,<MISSING>,B2,bass,<MISSING>,d|c|B|A|G|F|E|D,D3|C3|B2|A2|G2|F2|E2|D2
D'Addario,classical,guitar,D'Addario Classic,silverplated copper wound on nylon,NYL035W,0.00020667,0.035,25.5,-,-,-,16.8,13.4,10.6,9.4,7.5,<MISSING>,<MISSING>,A2,bass,<MISSING>,d|c|B|A|G|F|E|D,D3|C3|B2|A2|G2|F2|E2|D2
D'Addario,classical,guitar,D'Addario Classic,silverplated copper wound on nylon,NYL036W,0.00022105,0.036,25.5,-,-,-,18.0,14.3,11.3,10.1,8.0,<MISSING>,<MISSING>,A2,bass,<MISSING>,d|c|B|A|G|F|E|D,D3|C3|B2|A2|G2|F2|E2|D2
D'Addario,classical,guitar,D'Addario Classic,silverplated copper wound on nylon,NYL040W,0.00028260,0.040,25.5,-,18.3,14.5,12.9,10.2,8.1,7.2,5.8,<MISSING>,<MISSING>,G2,bass,<MISSING>,A|G|F|E|D|C|B'|A',A2|G2|F2|E2|D2|C2|B1|A1
D'Addario,classical,guitar,D'Addario Classic,silverplated copper wound on nylon,NYL041W,0.00028319,0.041,25.5,23.1,18.3,14.5,12.9,10.3,8.2,7.3,5.8,<MISSING>,<MISSING>,A2,bass,<MISSING>,A|G|F|E|D|C|B'|A',A2|G2|F2|E2|D2|C2|B1|A1
D'Addario,classical,guitar,D'Addario Classic,silverplated copper wound on nylon,NYL042W,0.00030466,0.042,25.5,24.8,19.7,15.6,13.9,11.0,8.8,7.8,6.2,<MISSING>,<MISSING>,A2,bass,<MISSING>,A|G|F|E|D|C|B'|A',A2|G2|F2|E2|D2|C2|B1|A1
D'Addario,classical,guitar,D'Addario Classic,silverplated copper wound on nylon,NYL043W,0.00033302,0.043,25.5,-,-,17.1,15.2,12.1,9.6,8.5,6.8,<MISSING>,<MISSING>,F2,bass,<MISSING>,A|G|F|E|D|C|B'|A',A2|G2|F2|E2|D2|C2|B1|A1
D'Addario,classical,guitar,D'Addario Classic,silverplated copper wound on nylon,NYL045W,0.00036470,0.045,25.5,-,-,18.7,16.7,13.2,10.5,9.3,7.4,<MISSING>,<MISSING>,F2,bass,<MISSING>,A|G|F|E|D|C|B'|A',A2|G2|F2|E2|D2|C2|B1|A1
D'Addario,classical,guitar,D'Addario Classic,silverplated copper wound on nylon,NYL048W,0.00041400,0.048,25.5,-,-,21.2,18.9,15.0,11.9,10.6,8.4,<MISSING>,<MISSING>,F2,bass,<MISSING>,A|G|F|E|D|C|B'|A',A2|G2|F2|E2|D2|C2|B1|A1
D'Addario,classical,guitar,D'Addario Classic,silverplated copper wound on nylon,NYL050W,0.00045369,0.050,25.5,-,-,23.3,20.7,16.5,13.1,11.6,9.2,<MISSING>,<MISSING>,F2,bass,<MISSING>,A|G|F|E|D|C|B'|A',A2|G2|F2|E2|D2|C2|B1|A1
D'Addario,classical,guitar,D'Addario Classic,silverplated copper wound on nylon,NYL052W,0.00049500,0.052,25.5,-,-,25.4,22.6,18.0,14.3,12.7,10.1,<MISSING>,<MISSING>,F2,bass,<MISSING>,A|G|F|E|D|C|B'|A',A2|G2|F2|E2|D2|C2|B1|A1
D'Addario,classical,guitar,D'Addario Classic,silverplated copper wound on nylon,NYL054W,0.00053793,0.054,25.5,-,-,-,24.6,19.5,15.5,13.8,11.0,<MISSING>,<MISSING>,E2,bass,<MISSING>,A|G|F|E|D|C|B'|A',A2|G2|F2|E2|D2|C2|B1|A1
D'Addario,classical,guitar,D'Addario Classic,silverplated copper wound on nylon,NYL056W,0.00059624,0.056,25.5,-,-,-,-,21.6,17.2,15.3,12.1,<MISSING>,<MISSING>,D2,bass,<MISSING>,A|G|F|E|D|C|B'|A',A2|G2|F2|E2|D2|C2|B1|A1
Aquila,classical,guitar,Rubino,clear nylon,Rubino-E4,0,0.255905512,25.59055118,-,8.6,-,-,-,-,-,-,Rubino,1,E4,treble,normal tension,f'|e'|d'|c'|b|a|g|f,F4|E4|D4|C4|B3|A3|G3|F3
D'Addario,acoustic,acoustic guitar,Phosphor Bronze,phosphor bronze round wound,PB020,0.00008106,0.020,25.5,-,26.4,21.0,16.6,14.8,11.8,9.3,8.3,<MISSING>,<MISSING>,A3,bass,<MISSING>,b|a|g|f|e|d|c|B,B3|A3|G3|F3|E3|D3|C3|B2
D'Addario,acoustic,acoustic guitar,Phosphor Bronze,phosphor bronze round wound,PB021,0.00008944,0.021,25.5,-,29.1,23.1,18.4,16.4,13.0,10.3,9.2,<MISSING>,<MISSING>,A3,bass,<MISSING>,b|a|g|f|e|d|c|B,B3|A3|G3|F3|E3|D3|C3|B2
D'Addario,acoustic,acoustic guitar,Phosphor Bronze,phosphor bronze round wound,PB022,0.00009876,0.022,25.5,40.5,32.2,25.5,20.3,18.1,14.3,11.4,10.1,<MISSING>,<MISSING>,B3,bass,<MISSING>,b|a|g|f|e|d|c|B,B3|A3|G3|F3|E3|D3|C3|B2
D'Addario,acoustic,acoustic guitar,Phosphor Bronze,phosphor bronze round wound,PB023,0.00010801,0.023,25.5,44.3,35.2,27.9,22.2,19.7,15.7,12.4,11.1,<MISSING>,<MISSING>,B3,bass,<MISSING>,b|a|g|f|e|d|c|B,B3|A3|G3|F3|E3|D3|C3|B2
D'Addario,acoustic,acoustic guitar,Phosphor Bronze,phosphor bronze round wound,PB024,0.00011682,0.024,25.5,-,38.1,30.2,24.0,21.4,16.9,13.5,12.0,<MISSING>,<MISSING>,A3,bass,<MISSING>,b|a|g|f|e|d|c|B,B3|A3|G3|F3|E3|D3|C3|B2
D'Addario,acoustic,acoustic guitar,Phosphor Bronze,phosphor bronze round wound,PB025,0.00012686,0.025,25.5,-,41.3,32.8,26.0,23.2,18.4,14.6,13.0,<MISSING>,<MISSING>,A3,bass,<MISSING>,b|a|g|f|e|d|c|B,B3|A3|G3|F3|E3|D3|C3|B2
D'Addario,acoustic,acoustic guitar,Phosphor Bronze,phosphor bronze round wound,PB026,0.00013640,0.026,25.5,-,44.4,35.3,28.0,24.9,19.8,15.7,14.0,<MISSING>,<MISSING>,A3,bass,<MISSING>,b|a|g|f|e|d|c|B,B3|A3|G3|F3|E3|D3|C3|B2
D'Addario,acoustic,acoustic guitar,Phosphor Bronze,phosphor bronze round wound,PB027,0.00014834,0.027,25.5,-,-,38.4,30.4,27.1,21.5,17.1,15.2,<MISSING>,<MISSING>,G3,bass,<MISSING>,b|a|g|f|e|d|c|B,B3|A3|G3|F3|E3|D3|C3|B2
D'Addario,acoustic,acoustic guitar,Phosphor Bronze,phosphor bronze round wound,PB029,0.00017381,0.029,25.5,35.7,31.8,25.2,20.0,17.8,14.2,11.2,8.9,<MISSING>,<MISSING>,F3,bass,<MISSING>,f|e|d|c|B|A|G|F,F3|E3|D3|C3|B2|A2|G2|F2
D'Addario,acoustic,acoustic guitar,Phosphor Bronze,phosphor bronze round wound,PB030,0.00018660,0.030,25.5,38.3,34.1,27.1,21.5,19.2,15.2,12.1,9.6,<MISSING>,<MISSING>,F3,bass,<MISSING>,f|e|d|c|B|A|G|F,F3|E3|D3|C3|B2|A2|G2|F2
D'Addario,acoustic,acoustic guitar,Phosphor Bronze,phosphor bronze round wound,PB032,0.00021018,0.032,25.5,43.1,38.4,30.5,24.2,21.6,17.1,13.6,10.8,<MISSING>,<MISSING>,F3,bass,<MISSING>,f|e|d|c|B|A|G|F,F3|E3|D3|C3|B2|A2|G2|F2
D'Addario,acoustic,acoustic guitar,Phosphor Bronze,phosphor bronze round wound,PB034,0.00023887,0.034,25.5,-,43.7,34.7,27.5,24.5,19.5,15.4,12.3,<MISSING>,<MISSING>,E3,bass,<MISSING>,f|e|d|c|B|A|G|F,F3|E3|D3|C3|B2|A2|G2|F2
D'Addario,acoustic,acoustic guitar,Phosphor Bronze,phosphor bronze round wound,PB035,0.00025365,0.035,25.5,52.1,46.4,36.8,29.2,26.0,20.7,16.4,13.0,<MISSING>,<MISSING>,F3,bass,<MISSING>,f|e|d|c|B|A|G|F,F3|E3|D3|C3|B2|A2|G2|F2
D'Addario,acoustic,acoustic guitar,Phosphor Bronze,phosphor bronze round wound,PB036,0.00026830,0.036,25.5,55.1,49.0,38.9,30.9,27.5,21.9,17.3,13.8,<MISSING>,<MISSING>,F3,bass,<MISSING>,f|e|d|c|B|A|G|F,F3|E3|D3|C3|B2|A2|G2|F2
D'Addario,acoustic,acoustic guitar,Phosphor Bronze,phosphor bronze round wound,PB039,0.00031125,0.039,25.5,35.8,32.0,25.4,20.1,16.0,14.2,11.3,9.0,<MISSING>,<MISSING>,C3,bass,<MISSING>,c|B|A|G|F|E|D|C,C3|B2|A2|G2|F2|E2|D2|C2
D'Addario,acoustic,acoustic guitar,Phosphor Bronze,phosphor bronze round wound,PB042,0.00036722,0.042,25.5,42.3,37.7,29.9,23.7,18.8,16.8,13.3,10.6,<MISSING>,<MISSING>,C3,bass,<MISSING>,c|B|A|G|F|E|D|C,C3|B2|A2|G2|F2|E2|D2|C2
D'Addario,acoustic,acoustic guitar,Phosphor Bronze,phosphor bronze round wound,PB045,0.00041751,0.045,25.5,48.1,42.9,34.0,27.0,21.4,19.1,15.1,12.0,<MISSING>,<MISSING>,C3,bass,<MISSING>,c|B|A|G|F|E|D|C,C3|B2|A2|G2|F2|E2|D2|C2
D'Addario,acoustic,acoustic guitar,Phosphor Bronze,phosphor bronze round wound,PB047,0.00045289,0.047,25.5,36.9,29.3,23.2,20.7,16.4,13.0,11.6,9.2,<MISSING>,<MISSING>,A2,bass,<MISSING>,A|G|F|E|D|C|B'|A',A2|G2|F2|E2|D2|C2|B1|A1
D'Addario,acoustic,acoustic guitar,Phosphor Bronze,phosphor bronze round wound,PB049,0.00049151,0.049,25.5,40.0,31.8,25.2,22.5,17.8,14.2,12.6,10.0,<MISSING>,<MISSING>,A2,bass,<MISSING>,A|G|F|E|D|C|B'|A',A2|G2|F2|E2|D2|C2|B1|A1
D'Addario,acoustic,acoustic guitar,Phosphor Bronze,phosphor bronze round wound,PB052,0.00055223,0.052,25.5,45.0,35.7,28.3,25.2,20.0,15.9,14.2,11.2,<MISSING>,<MISSING>,A2,bass,<MISSING>,A|G|F|E|D|C|B'|A',A2|G2|F2|E2|D2|C2|B1|A1
D'Addario,acoustic,acoustic guitar,Phosphor Bronze,phosphor bronze round wound,PB053,0.00056962,0.053,25.5,46.4,36.8,29.2,26.0,20.7,16.4,14.6,11.6,<MISSING>,<MISSING>,A2,bass,<MISSING>,A|G|F|E|D|C|B'|A',A2|G2|F2|E2|D2|C2|B1|A1
D'Addario,acoustic,acoustic guitar,Phosphor Bronze,phosphor bronze round wound,PB056D,0.00063477,0.056,25.5,51.7,41.0,32.6,29.0,23.0,18.3,16.3,12.9,<MISSING>,<MISSING>,A2,bass,<MISSING>,A|G|F|E|D|C|B'|A',A2|G2|F2|E2|D2|C2|B1|A1
D'Addario,acoustic,acoustic guitar,Phosphor Bronze,phosphor bronze round wound,PB059,0.00070535,0.059,25.5,57.5,45.6,36.2,32.2,25.6,20.3,18.1,14.4,<MISSING>,<MISSING>,A2,bass,<MISSING>,A|G|F|E|D|C|B'|A',A2|G2|F2|E2|D2|C2|B1|A1
D'Addario,acoustic,acoustic guitar,Phosphor Bronze,phosphor bronze round wound,PB060,0.00073039,0.060,25.5,59.5,47.2,37.5,33.4,26.5,21.0,18.7,14.9,<MISSING>,<MISSING>,A2,bass,<MISSING>,A|G|F|E|D|C|B'|A',A2|G2|F2|E2|D2|C2|B1|A1
D'Addario,acoustic,acoustic guitar,Phosphor Bronze,phosphor bronze round wound,PB062,0.00077682,0.062,25.5,63.3,50.2,39.9,35.5,28.2,22.4,19.9,15.8,<MISSING>,<MISSING>,A2,bass,<MISSING>,A|G|F|E|D|C|B'|A',A2|G2|F2|E2|D2|C2|B1|A1
D'Addario,acoustic,acoustic guitar,Phosphor Bronze,phosphor bronze round wound,PB064,0.00082780,0.064,25.5,67.4,53.5,42.5,37.8,30.0,23.8,21.2,16.9,<MISSING>,<MISSING>,A2,bass,<MISSING>,A|G|F|E|D|C|B'|A',A2|G2|F2|E2|D2|C2|B1|A1
D'Addario,acoustic,acoustic guitar,Phosphor Bronze,phosphor bronze round wound,PB066,0.00087718,0.066,25.5,71.4,56.7,45.0,40.1,31.8,25.3,22.5,17.9,<MISSING>,<MISSING>,A2,bass,<MISSING>,A|G|F|E|D|C|B'|A',A2|G2|F2|E2|D2|C2|B1|A1
D'Addario,acoustic,acoustic guitar,Phosphor Bronze,phosphor bronze round wound,PB070,0.00096833,0.070,25.5,78.9,62.6,49.7,44.3,35.1,27.9,24.8,19.7,<MISSING>,<MISSING>,A2,bass,<MISSING>,A|G|F|E|D|C|B'|A',A2|G2|F2|E2|D2|C2|B1|A1
D'Addario,acoustic,acoustic guitar,Flat Tops,phosphor bronze polished,FT023,0.00012568,0.023,25.5,40.9,32.5,25.8,23.0,18.2,14.5,12.9,10.2,<MISSING>,<MISSING>,A3,bass,<MISSING>,a|g|f|e|d|c|B|A,A3|G3|F3|E3|D3|C3|B2|A2
D'Addario,acoustic,acoustic guitar,Flat Tops,phosphor bronze polished,FT024,0.00013651,0.024,25.5,44.5,35.3,28.0,25.0,19.8,15.7,14.0,11.1,<MISSING>,<MISSING>,A3,bass,<MISSING>,a|g|f|e|d|c|B|A,A3|G3|F3|E3|D3|C3|B2|A2
D'Addario,acoustic,acoustic guitar,Flat Tops,phosphor bronze polished,FT026,0.00015894,0.026,25.5,-,41.1,32.6,29.1,23.1,18.3,16.3,12.9,<MISSING>,<MISSING>,G3,bass,<MISSING>,a|g|f|e|d|c|B|A,A3|G3|F3|E3|D3|C3|B2|A2
D'Addario,acoustic,acoustic guitar,Flat Tops,phosphor bronze polished,FT028,0.00017209,0.028,25.5,56.1,44.5,35.3,31.5,25.0,19.8,17.7,14.0,<MISSING>,<MISSING>,A3,bass,<MISSING>,a|g|f|e|d|c|B|A,A3|G3|F3|E3|D3|C3|B2|A2
D'Addario,acoustic,acoustic guitar,Flat Tops,phosphor bronze polished,FT030,0.00019785,0.030,25.5,40.6,36.2,28.7,22.8,20.3,16.1,12.8,10.1,<MISSING>,<MISSING>,F3,bass,<MISSING>,f|e|d|c|B|A|G|F,F3|E3|D3|C3|B2|A2|G2|F2
D'Addario,acoustic,acoustic guitar,Flat Tops,phosphor bronze polished,FT032,0.00023852,0.032,25.5,48.9,43.6,34.6,27.5,24.5,19.4,15.4,12.2,<MISSING>,<MISSING>,F3,bass,<MISSING>,f|e|d|c|B|A|G|F,F3|E3|D3|C3|B2|A2|G2|F2
D'Addario,acoustic,acoustic guitar,Flat Tops,phosphor bronze polished,FT035,0.00027781,0.035,25.5,-,50.8,40.3,32.0,28.5,22.6,18.0,14.3,<MISSING>,<MISSING>,E3,bass,<MISSING>,f|e|d|c|B|A|G|F,F3|E3|D3|C3|B2|A2|G2|F2
D'Addario,acoustic,acoustic guitar,Flat Tops,phosphor bronze polished,FT036,0.00029273,0.036,25.5,60.1,53.5,42.5,33.7,30.1,23.8,18.9,15.0,<MISSING>,<MISSING>,F3,bass,<MISSING>,f|e|d|c|B|A|G|F,F3|E3|D3|C3|B2|A2|G2|F2
D'Addario,acoustic,acoustic guitar,Flat Tops,phosphor bronze polished,FT039,0.00032904,0.039,25.5,37.9,33.8,26.8,21.3,16.9,15.0,11.9,9.5,<MISSING>,<MISSING>,C3,bass,<MISSING>,c|B|A|G|F|E|D|C,C3|B2|A2|G2|F2|E2|D2|C2
D'Addario,acoustic,acoustic guitar,Flat Tops,phosphor bronze polished,FT042,0.00036219,0.042,25.5,41.7,37.2,29.5,23.4,18.6,16.6,13.1,10.4,<MISSING>,<MISSING>,C3,bass,<MISSING>,c|B|A|G|F|E|D|C,C3|B2|A2|G2|F2|E2|D2|C2
D'Addario,acoustic,acoustic guitar,Flat Tops,phosphor bronze polished,FT044,0.00041047,0.044,25.5,47.3,42.1,33.4,26.5,21.1,18.8,14.9,11.8,<MISSING>,<MISSING>,C3,bass,<MISSING>,c|B|A|G|F|E|D|C,C3|B2|A2|G2|F2|E2|D2|C2
D'Addario,acoustic,acoustic guitar,Flat Tops,phosphor bronze polished,FT045,0.00042603,0.045,25.5,49.1,43.7,34.7,27.5,21.9,19.5,15.5,12.3,<MISSING>,<MISSING>,C3,bass,<MISSING>,c|B|A|G|F|E|D|C,C3|B2|A2|G2|F2|E2|D2|C2
D'Addario,acoustic,acoustic guitar,Flat Tops,phosphor bronze polished,FT047,0.00046166,0.047,25.5,37.6,29.8,23.7,21.1,16.7,13.3,11.8,9.4,<MISSING>,<MISSING>,A2,bass,<MISSING>,A|G|F|E|D|C|B'|A',A2|G2|F2|E2|D2|C2|B1|A1
D'Addario,acoustic,acoustic guitar,Flat Tops,phosphor bronze polished,FT053,0.00055793,0.053,25.5,45.4,36.1,28.6,25.5,20.2,16.1,14.3,11.4,<MISSING>,<MISSING>,A2,bass,<MISSING>,A|G|F|E|D|C|B'|A',A2|G2|F2|E2|D2|C2|B1|A1
D'Addario,acoustic,acoustic guitar,Flat Tops,phosphor bronze polished,FT056,0.00064108,0.056,25.5,52.2,41.4,32.9,29.3,23.2,18.5,16.4,13.1,<MISSING>,<MISSING>,A2,bass,<MISSING>,A|G|F|E|D|C|B'|A',A2|G2|F2|E2|D2|C2|B1|A1
D'Addario,acoustic,acoustic guitar,80/20 Bronze,80/20 brass round wound,BW020,0.00007862,0.020,25.5,-,25.6,20.3,16.1,14.4,11.4,9.1,8.1,<MISSING>,<MISSING>,A3,bass,<MISSING>,b|a|g|f|e|d|c|B,B3|A3|G3|F3|E3|D3|C3|B2
D'Addario,acoustic,acoustic guitar,80/20 Bronze,80/20 brass round wound,BW021,0.00008684,0.021,25.5,-,28.3,22.5,17.8,15.9,12.6,10.0,8.9,<MISSING>,<MISSING>,A3,bass,<MISSING>,b|a|g|f|e|d|c|B,B3|A3|G3|F3|E3|D3|C3|B2
D'Addario,acoustic,acoustic guitar,80/20 Bronze,80/20 brass round wound,BW022,0.00009600,0.022,25.5,39.4,31.3,24.8,19.7,17.6,13.9,11.1,9.9,<MISSING>,<MISSING>,B3,bass,<MISSING>,b|a|g|f|e|d|c|B,B3|A3|G3|F3|E3|D3|C3|B2
D'Addario,acoustic,acoustic guitar,80/20 Bronze,80/20 brass round wound,BW023,0.00010509,0.023,25.5,43.1,34.2,27.2,21.6,19.2,15.2,12.1,10.8,<MISSING>,<MISSING>,B3,bass,<MISSING>,b|a|g|f|e|d|c|B,B3|A3|G3|F3|E3|D3|C3|B2
D'Addario,acoustic,acoustic guitar,80/20 Bronze,80/20 brass round wound,BW024,0.00011353,0.024,25.5,-,37.0,29.4,23.3,20.8,16.5,13.1,11.7,<MISSING>,<MISSING>,A3,bass,<MISSING>,b|a|g|f|e|d|c|B,B3|A3|G3|F3|E3|D3|C3|B2
D'Addario,acoustic,acoustic guitar,80/20 Bronze,80/20 brass round wound,BW025,0.00012339,0.025,25.5,-,40.2,31.9,25.3,22.6,17.9,14.2,12.7,<MISSING>,<MISSING>,A3,bass,<MISSING>,b|a|g|f|e|d|c|B,B3|A3|G3|F3|E3|D3|C3|B2
D'Addario,acoustic,acoustic guitar,80/20 Bronze,80/20 brass round wound,BW026,0.00013253,0.026,25.5,-,43.2,34.3,27.2,24.2,19.2,15.3,13.6,<MISSING>,<MISSING>,A3,bass,<MISSING>,b|a|g|f|e|d|c|B,B3|A3|G3|F3|E3|D3|C3|B2
D'Addario,acoustic,acoustic guitar,80/20 Bronze,80/20 brass round wound,BW027,0.00014397,0.027,25.5,-,46.9,37.2,29.5,26.3,20.9,16.6,14.8,<MISSING>,<MISSING>,A3,bass,<MISSING>,b|a|g|f|e|d|c|B,B3|A3|G3|F3|E3|D3|C3|B2
D'Addario,acoustic,acoustic guitar,80/20 Bronze,80/20 brass round wound,BW029,0.00016838,0.029,25.5,34.6,30.8,24.4,19.4,17.3,13.7,10.9,8.6,<MISSING>,<MISSING>,F3,bass,<MISSING>,f|e|d|c|B|A|G|F,F3|E3|D3|C3|B2|A2|G2|F2
D'Addario,acoustic,acoustic guitar,80/20 Bronze,80/20 brass round wound,BW030,0.00018092,0.030,25.5,37.1,33.1,26.2,20.8,18.6,14.7,11.7,9.3,<MISSING>,<MISSING>,F3,bass,<MISSING>,f|e|d|c|B|A|G|F,F3|E3|D3|C3|B2|A2|G2|F2
D'Addario,acoustic,acoustic guitar,80/20 Bronze,80/20 brass round wound,BW032,0.00020352,0.032,25.5,41.8,37.2,29.5,23.4,20.9,16.6,13.2,10.4,<MISSING>,<MISSING>,F3,bass,<MISSING>,f|e|d|c|B|A|G|F,F3|E3|D3|C3|B2|A2|G2|F2
D'Addario,acoustic,acoustic guitar,80/20 Bronze,80/20 brass round wound,BW034,0.00022752,0.034,25.5,46.7,41.6,33.0,26.2,23.4,18.5,14.7,11.7,<MISSING>,<MISSING>,F3,bass,<MISSING>,f|e|d|c|B|A|G|F,F3|E3|D3|C3|B2|A2|G2|F2
D'Addario,acoustic,acoustic guitar,80/20 Bronze,80/20 brass round wound,BW035,0.00024006,0.035,25.5,49.3,43.9,34.8,27.6,24.6,19.6,15.5,12.3,<MISSING>,<MISSING>,F3,bass,<MISSING>,f|e|d|c|B|A|G|F,F3|E3|D3|C3|B2|A2|G2|F2
D'Addario,acoustic,acoustic guitar,80/20 Bronze,80/20 brass round wound,BW036,0.00025417,0.036,25.5,52.2,46.5,36.9,29.3,26.1,20.7,16.4,13.0,<MISSING>,<MISSING>,F3,bass,<MISSING>,f|e|d|c|B|A|G|F,F3|E3|D3|C3|B2|A2|G2|F2
D'Addario,acoustic,acoustic guitar,80/20 Bronze,80/20 brass round wound,BW039,0.00030063,0.039,25.5,34.6,30.9,24.5,19.4,15.4,13.7,10.9,8.7,<MISSING>,<MISSING>,C3,bass,<MISSING>,c|B|A|G|F|E|D|C,C3|B2|A2|G2|F2|E2|D2|C2
D'Addario,acoustic,acoustic guitar,80/20 Bronze,80/20 brass round wound,BW042,0.00034808,0.042,25.5,40.1,35.7,28.4,22.5,17.9,15.9,12.6,10.0,<MISSING>,<MISSING>,C3,bass,<MISSING>,c|B|A|G|F|E|D|C,C3|B2|A2|G2|F2|E2|D2|C2
D'Addario,acoustic,acoustic guitar,80/20 Bronze,80/20 brass round wound,BW045,0.00040245,0.045,25.5,46.3,41.3,32.8,26.0,20.6,18.4,14.6,11.6,<MISSING>,<MISSING>,C3,bass,<MISSING>,c|B|A|G|F|E|D|C,C3|B2|A2|G2|F2|E2|D2|C2
D'Addario,acoustic,acoustic guitar,80/20 Bronze,80/20 brass round wound,BW047,0.00043634,0.047,25.5,35.5,28.2,22.4,19.9,15.8,12.6,11.2,8.9,<MISSING>,<MISSING>,A2,bass,<MISSING>,A|G|F|E|D|C|B'|A',A2|G2|F2|E2|D2|C2|B1|A1
D'Addario,acoustic,acoustic guitar,80/20 Bronze,80/20 brass round wound,BW049,0.00047368,0.049,25.5,38.6,30.6,24.3,21.6,17.2,13.6,12.1,9.6,<MISSING>,<MISSING>,A2,bass,<MISSING>,A|G|F|E|D|C|B'|A',A2|G2|F2|E2|D2|C2|B1|A1
D'Addario,acoustic,acoustic guitar,80/20 Bronze,80/20 brass round wound,BW052,0.00053224,0.052,25.5,43.4,34.4,27.3,24.3,19.3,15.3,13.6,10.8,<MISSING>,<MISSING>,A2,bass,<MISSING>,A|G|F|E|D|C|B'|A',A2|G2|F2|E2|D2|C2|B1|A1
D'Addario,acoustic,acoustic guitar,80/20 Bronze,80/20 brass round wound,BW053,0.00054852,0.053,25.5,44.7,35.5,28.1,25.1,19.9,15.8,14.1,11.2,<MISSING>,<MISSING>,A2,bass,<MISSING>,A|G|F|E|D|C|B'|A',A2|G2|F2|E2|D2|C2|B1|A1
D'Addario,acoustic,acoustic guitar,80/20 Bronze,80/20 brass round wound,BW056,0.00061132,0.056,25.5,49.8,39.5,31.4,27.9,22.2,17.6,15.7,12.4,<MISSING>,<MISSING>,A2,bass,<MISSING>,A|G|F|E|D|C|B'|A',A2|G2|F2|E2|D2|C2|B1|A1
D'Addario,acoustic,acoustic guitar,80/20 Bronze,80/20 brass round wound,BW059,0.00068005,0.059,25.5,55.4,44.0,34.9,31.1,24.7,19.6,17.4,13.8,<MISSING>,<MISSING>,A2,bass,<MISSING>,A|G|F|E|D|C|B'|A',A2|G2|F2|E2|D2|C2|B1|A1
D'Addario,acoustic,acoustic guitar,Great American Bronze,85/15 brass round wound,ZW022,0.00009802,0.022,25.5,40.2,31.9,25.3,20.1,17.9,14.2,11.3,10.1,<MISSING>,<MISSING>,B3,bass,<MISSING>,b|a|g|f|e|d|c|B,B3|A3|G3|F3|E3|D3|C3|B2
D'Addario,acoustic,acoustic guitar,Great American Bronze,85/15 brass round wound,ZW024,0.00011594,0.024,25.5,-,37.8,30.0,23.8,21.2,16.8,13.4,11.9,<MISSING>,<MISSING>,A3,bass,<MISSING>,b|a|g|f|e|d|c|B,B3|A3|G3|F3|E3|D3|C3|B2
D'Addario,acoustic,acoustic guitar,Great American Bronze,85/15 brass round wound,ZW025,0.00012592,0.025,25.5,-,41.0,32.6,25.8,23.0,18.3,14.5,12.9,<MISSING>,<MISSING>,A3,bass,<MISSING>,b|a|g|f|e|d|c|B,B3|A3|G3|F3|E3|D3|C3|B2
D'Addario,acoustic,acoustic guitar,Great American Bronze,85/15 brass round wound,ZW026,0.00013536,0.026,25.5,-,44.1,35.0,27.8,24.7,19.6,15.6,13.9,<MISSING>,<MISSING>,A3,bass,<MISSING>,b|a|g|f|e|d|c|B,B3|A3|G3|F3|E3|D3|C3|B2
D'Addario,acoustic,acoustic guitar,Great American Bronze,85/15 brass round wound,ZW030,0.00018507,0.030,25.5,38.0,33.8,26.8,21.3,19.0,15.1,12.0,9.5,<MISSING>,<MISSING>,F3,bass,<MISSING>,f|e|d|c|B|A|G|F,F3|E3|D3|C3|B2|A2|G2|F2
D'Addario,acoustic,acoustic guitar,Great American Bronze,85/15 brass round wound,ZW032,0.00020839,0.032,25.5,42.8,38.1,30.2,24.0,21.4,17.0,13.5,10.7,<MISSING>,<MISSING>,F3,bass,<MISSING>,f|e|d|c|B|A|G|F,F3|E3|D3|C3|B2|A2|G2|F2
D'Addario,acoustic,acoustic guitar,Great American Bronze,85/15 brass round wound,ZW034,0.00023316,0.034,25.5,47.8,42.6,33.8,26.9,23.9,19.0,15.1,12.0,<MISSING>,<MISSING>,F3,bass,<MISSING>,f|e|d|c|B|A|G|F,F3|E3|D3|C3|B2|A2|G2|F2
D'Addario,acoustic,acoustic guitar,Great American Bronze,85/15 brass round wound,ZW035,0.00024610,0.035,25.5,50.5,45.0,35.7,28.3,25.3,20.0,15.9,12.6,<MISSING>,<MISSING>,F3,bass,<MISSING>,f|e|d|c|B|A|G|F,F3|E3|D3|C3|B2|A2|G2|F2
D'Addario,acoustic,acoustic guitar,Great American Bronze,85/15 brass round wound,ZW036,0.00026045,0.036,25.5,53.4,47.6,37.8,30.0,26.7,21.2,16.8,13.4,<MISSING>,<MISSING>,F3,bass,<MISSING>,f|e|d|c|B|A|G|F,F3|E3|D3|C3|B2|A2|G2|F2
D'Addario,acoustic,acoustic guitar,Great American Bronze,85/15 brass round wound,ZW040,0.00032631,0.040,25.5,37.6,33.5,26.6,21.1,16.7,14.9,11.8,9.4,<MISSING>,<MISSING>,C3,bass,<MISSING>,c|B|A|G|F|E|D|C,C3|B2|A2|G2|F2|E2|D2|C2
D'Addario,acoustic,acoustic guitar,Great American Bronze,85/15 brass round wound,ZW042,0.00035735,0.042,25.5,41.2,36.7,29.1,23.1,18.3,16.3,13.0,10.3,<MISSING>,<MISSING>,C3,bass,<MISSING>,c|B|A|G|F|E|D|C,C3|B2|A2|G2|F2|E2|D2|C2
D'Addario,acoustic,acoustic guitar,Great American Bronze,85/15 brass round wound,ZW044,0.00038985,0.044,25.5,44.9,40.0,31.8,25.2,20.0,17.8,14.1,11.2,<MISSING>,<MISSING>,C3,bass,<MISSING>,c|B|A|G|F|E|D|C,C3|B2|A2|G2|F2|E2|D2|C2
D'Addario,acoustic,acoustic guitar,Great American Bronze,85/15 brass round wound,ZW045,0.00040665,0.045,25.5,46.8,41.7,33.1,26.3,20.9,18.6,14.7,11.7,<MISSING>,<MISSING>,C3,bass,<MISSING>,c|B|A|G|F|E|D|C,C3|B2|A2|G2|F2|E2|D2|C2
D'Addario,acoustic,acoustic guitar,Great American Bronze,85/15 brass round wound,ZW046,0.00042565,0.046,25.5,49.0,43.7,34.7,27.5,21.8,19.5,15.4,12.3,<MISSING>,<MISSING>,C3,bass,<MISSING>,c|B|A|G|F|E|D|C,C3|B2|A2|G2|F2|E2|D2|C2
D'Addario,acoustic,acoustic guitar,Great American Bronze,85/15 brass round wound,ZW050,0.00050824,0.050,25.5,41.4,32.9,26.1,23.2,18.4,14.6,13.0,10.3,<MISSING>,<MISSING>,A2,bass,<MISSING>,A|G|F|E|D|C|B'|A',A2|G2|F2|E2|D2|C2|B1|A1
D'Addario,acoustic,acoustic guitar,Great American Bronze,85/15 brass round wound,ZW052,0.00054686,0.052,25.5,44.5,35.4,28.1,25.0,19.8,15.7,14.0,11.1,<MISSING>,<MISSING>,A2,bass,<MISSING>,A|G|F|E|D|C|B'|A',A2|G2|F2|E2|D2|C2|B1|A1
D'Addario,acoustic,acoustic guitar,Great American Bronze,85/15 brass round wound,ZW054,0.00058694,0.054,25.5,47.8,37.9,30.1,26.8,21.3,16.9,15.0,12.0,<MISSING>,<MISSING>,A2,bass,<MISSING>,A|G|F|E|D|C|B'|A',A2|G2|F2|E2|D2|C2|B1|A1
D'Addario,acoustic,acoustic guitar,Great American Bronze,85/15 brass round wound,ZW056,0.00062847,0.056,25.5,51.2,40.6,32.2,28.7,22.8,18.1,16.1,12.8,<MISSING>,<MISSING>,A2,bass,<MISSING>,A|G|F|E|D|C|B'|A',A2|G2|F2|E2|D2|C2|B1|A1

D'Addario,acoustic or electric,acoustic or electric guitar,Plain Steel,lock twist,PL007,0.00001085,0.007,25.5,11.2,8.9,7.9,6.3,5.0,4.5,3.5,2.8,<MISSING>,<MISSING>,G4,treble,<MISSING>,g'|f'|e'|d'|c'|b|a|g,G4|F4|E4|D4|C4|B3|A3|G3
D'Addario,acoustic or electric,acoustic or electric guitar,Plain Steel,lock twist,PL008,0.00001418,0.008,25.5,14.7,11.6,10.4,8.2,6.5,5.8,4.6,3.7,<MISSING>,<MISSING>,G4,treble,<MISSING>,g'|f'|e'|d'|c'|b|a|g,G4|F4|E4|D4|C4|B3|A3|G3
D'Addario,acoustic or electric,acoustic or electric guitar,Plain Steel,lock twist,PL0085,0.00001601,0.0085,25.5,16.6,13.1,11.7,9.3,7.4,6.6,5.2,4.1,<MISSING>,<MISSING>,G4,treble,<MISSING>,g'|f'|e'|d'|c'|b|a|g,G4|F4|E4|D4|C4|B3|A3|G3
D'Addario,acoustic or electric,acoustic or electric guitar,Plain Steel,lock twist,PL009,0.00001794,0.009,25.5,18.6,14.7,13.1,10.4,8.3,7.4,5.8,4.6,<MISSING>,<MISSING>,G4,treble,<MISSING>,g'|f'|e'|d'|c'|b|a|g,G4|F4|E4|D4|C4|B3|A3|G3
D'Addario,acoustic or electric,acoustic or electric guitar,Plain Steel,lock twist,PL0095,0.00001999,0.0095,25.5,20.7,16.4,14.6,11.6,9.2,8.2,6.5,5.2,<MISSING>,<MISSING>,G4,treble,<MISSING>,g'|f'|e'|d'|c'|b|a|g,G4|F4|E4|D4|C4|B3|A3|G3
D'Addario,acoustic or electric,acoustic or electric guitar,Plain Steel,lock twist,PL010,0.00002215,0.010,25.5,22.9,18.2,16.2,12.9,10.2,9.1,7.2,5.7,<MISSING>,<MISSING>,G4,treble,<MISSING>,g'|f'|e'|d'|c'|b|a|g,G4|F4|E4|D4|C4|B3|A3|G3
D'Addario,acoustic or electric,acoustic or electric guitar,Plain Steel,lock twist,PL0105,0.00002442,0.0105,25.5,25.3,20.0,17.9,14.2,11.3,10.0,8.0,6.3,<MISSING>,<MISSING>,G4,treble,<MISSING>,g'|f'|e'|d'|c'|b|a|g,G4|F4|E4|D4|C4|B3|A3|G3
D'Addario,acoustic or electric,acoustic or electric guitar,Plain Steel,lock twist,PL011,0.00002680,0.011,25.5,27.7,22.0,19.6,15.6,12.3,11.0,8.7,6.9,<MISSING>,<MISSING>,G4,treble,<MISSING>,g'|f'|e'|d'|c'|b|a|g,G4|F4|E4|D4|C4|B3|A3|G3
D'Addario,acoustic or electric,acoustic or electric guitar,Plain Steel,lock twist,PL0115,0.00002930,0.0115,25.5,30.3,24.0,21.4,17.0,13.5,12.0,9.5,7.6,<MISSING>,<MISSING>,G4,treble,<MISSING>,g'|f'|e'|d'|c'|b|a|g,G4|F4|E4|D4|C4|B3|A3|G3
D'Addario,acoustic or electric,acoustic or electric guitar,Plain Steel,lock twist,PL012,0.00003190,0.012,25.5,33.0,26.2,23.3,18.5,14.7,13.1,10.4,8.2,<MISSING>,<MISSING>,G4,treble,<MISSING>,g'|f'|e'|d'|c'|b|a|g,G4|F4|E4|D4|C4|B3|A3|G3
D'Addario,acoustic or electric,acoustic or electric guitar,Plain Steel,lock twist,PL013,0.00003744,0.013,25.5,38.7,30.7,27.4,21.7,17.2,15.4,12.2,9.7,<MISSING>,<MISSING>,G4,treble,<MISSING>,g'|f'|e'|d'|c'|b|a|g,G4|F4|E4|D4|C4|B3|A3|G3
D'Addario,acoustic or electric,acoustic or electric guitar,Plain Steel,lock twist,PL0135,0.00004037,0.0135,25.5,23.4,18.6,16.6,13.2,10.4,8.3,7.4,5.9,<MISSING>,<MISSING>,D4,treble,<MISSING>,d'|c'|b|a|g|f|e|d,D4|C4|B3|A3|G3|F3|E3|D3
D'Addario,acoustic or electric,acoustic or electric guitar,Plain Steel,lock twist,PL014,0.00004342,0.014,25.5,25.2,20.0,17.8,14.1,11.2,8.9,7.9,6.3,<MISSING>,<MISSING>,D4,treble,<MISSING>,d'|c'|b|a|g|f|e|d,D4|C4|B3|A3|G3|F3|E3|D3
D'Addario,acoustic or electric,acoustic or electric guitar,Plain Steel,lock twist,PL015,0.00004984,0.015,25.5,28.9,23.0,20.5,16.2,12.9,10.2,9.1,7.2,<MISSING>,<MISSING>,D4,treble,<MISSING>,d'|c'|b|a|g|f|e|d,D4|C4|B3|A3|G3|F3|E3|D3
D'Addario,acoustic or electric,acoustic or electric guitar,Plain Steel,lock twist,PL016,0.00005671,0.016,25.5,32.9,26.1,23.3,18.5,14.7,11.6,10.4,8.2,<MISSING>,<MISSING>,D4,treble,<MISSING>,d'|c'|b|a|g|f|e|d,D4|C4|B3|A3|G3|F3|E3|D3
D'Addario,acoustic or electric,acoustic or electric guitar,Plain Steel,lock twist,PL017,0.00006402,0.017,25.5,37.2,29.5,26.3,20.9,16.6,13.1,11.7,9.3,<MISSING>,<MISSING>,D4,treble,<MISSING>,d'|c'|b|a|g|f|e|d,D4|C4|B3|A3|G3|F3|E3|D3
D'Addario,acoustic or electric,acoustic or electric guitar,Plain Steel,lock twist,PL018,0.00007177,0.018,25.5,29.5,23.4,18.6,14.7,13.1,10.4,8.3,7.4,<MISSING>,<MISSING>,B3,treble,<MISSING>,b|a|g|f|e|d|c|B,B3|A3|G3|F3|E3|D3|C3|B2
D'Addario,acoustic or electric,acoustic or electric guitar,Plain Steel,lock twist,PL019,0.00007997,0.019,25.5,32.8,26.1,20.7,16.4,14.6,11.6,9.2,8.2,<MISSING>,<MISSING>,B3,treble,<MISSING>,b|a|g|f|e|d|c|B,B3|A3|G3|F3|E3|D3|C3|B2
D'Addario,acoustic or electric,acoustic or electric guitar,Plain Steel,lock twist,PL020,0.00008861,0.020,25.5,36.4,28.9,22.9,18.2,16.2,12.9,10.2,9.1,<MISSING>,<MISSING>,B3,treble,<MISSING>,b|a|g|f|e|d|c|B,B3|A3|G3|F3|E3|D3|C3|B2
D'Addario,acoustic or electric,acoustic or electric guitar,Plain Steel,lock twist,PL022,0.00010722,0.022,25.5,34.9,27.7,22.0,19.6,15.6,12.3,11.0,8.7,<MISSING>,<MISSING>,A3,treble,<MISSING>,a|g|f|e|d|c|B|A,A3|G3|F3|E3|D3|C3|B2|A2
D'Addario,acoustic or electric,acoustic or electric guitar,Plain Steel,lock twist,PL024,0.00012760,0.024,25.5,41.6,33.0,26.2,23.3,18.5,14.7,13.1,10.4,<MISSING>,<MISSING>,A3,treble,<MISSING>,a|g|f|e|d|c|B|A,A3|G3|F3|E3|D3|C3|B2|A2
D'Addario,acoustic or electric,acoustic or electric guitar,Plain Steel,lock twist,PL026,0.00014975,0.026,25.5,48.8,38.7,30.7,27.4,21.7,17.2,15.4,12.2,<MISSING>,<MISSING>,A3,treble,<MISSING>,a|g|f|e|d|c|B|A,A3|G3|F3|E3|D3|C3|B2|A2
D'Addario,acoustic or electric,acoustic or electric guitar,Plain Steel,soldered twist,KPL009,0.00001794,0.009,25.5,18.6,14.7,13.1,10.4,8.3,7.4,5.8,4.6,<MISSING>,<MISSING>,G4,treble,<MISSING>,g'|f'|e'|d'|c'|b|a|g,G4|F4|E4|D4|C4|B3|A3|G3
D'Addario,acoustic or electric,acoustic or electric guitar,Plain Steel,soldered twist,KPL010,0.00002215,0.010,25.5,22.9,18.2,16.2,12.9,10.2,9.1,7.2,5.7,<MISSING>,<MISSING>,G4,treble,<MISSING>,g'|f'|e'|d'|c'|b|a|g,G4|F4|E4|D4|C4|B3|A3|G3
D'Addario,acoustic or electric,acoustic or electric guitar,Plain Steel,soldered twist,KPL011,0.00002680,0.011,25.5,27.7,22.0,19.6,15.6,12.3,11.0,8.7,6.9,<MISSING>,<MISSING>,G4,treble,<MISSING>,g'|f'|e'|d'|c'|b|a|g,G4|F4|E4|D4|C4|B3|A3|G3
D'Addario,acoustic or electric,acoustic or electric guitar,Plain Steel,soldered twist,KPL012,0.00003190,0.012,25.5,33.0,26.2,23.3,18.5,14.7,13.1,10.4,8.2,<MISSING>,<MISSING>,G4,treble,<MISSING>,g'|f'|e'|d'|c'|b|a|g,G4|F4|E4|D4|C4|B3|A3|G3
D'Addario,acoustic or electric,acoustic or electric guitar,Plain Steel,soldered twist,KPL013,0.00003744,0.013,25.5,38.7,30.7,27.4,21.7,17.2,15.4,12.2,9.7,<MISSING>,<MISSING>,G4,treble,<MISSING>,g'|f'|e'|d'|c'|b|a|g,G4|F4|E4|D4|C4|B3|A3|G3
D'Addario,acoustic or electric,acoustic or electric guitar,Plain Steel,soldered twist,KPL014,0.00004342,0.014,25.5,25.2,20.0,17.8,14.1,11.2,8.9,7.9,6.3,<MISSING>,<MISSING>,D4,treble,<MISSING>,d'|c'|b|a|g|f|e|d,D4|C4|B3|A3|G3|F3|E3|D3
D'Addario,acoustic or electric,acoustic or electric guitar,Plain Steel,soldered twist,KPL016,0.00005671,0.016,25.5,32.9,26.1,23.3,18.5,14.7,11.6,10.4,8.2,<MISSING>,<MISSING>,D4,treble,<MISSING>,d'|c'|b|a|g|f|e|d,D4|C4|B3|A3|G3|F3|E3|D3
D'Addario,acoustic or electric,acoustic or electric guitar,Plain Steel,soldered twist,KPL017,0.00006402,0.017,25.5,37.2,29.5,26.3,20.9,16.6,13.1,11.7,9.3,<MISSING>,<MISSING>,D4,treble,<MISSING>,d'|c'|b|a|g|f|e|d,D4|C4|B3|A3|G3|F3|E3|D3
D'Addario,acoustic or electric,acoustic or electric guitar,Plain Steel,soldered twist,KPL020,0.00008861,0.020,25.5,51.5,40.8,36.4,28.9,22.9,18.2,16.2,12.9,<MISSING>,<MISSING>,D4,treble,<MISSING>,d'|c'|b|a|g|f|e|d,D4|C4|B3|A3|G3|F3|E3|D3
D'Addario,acoustic or electric,acoustic or electric guitar,Plain Steel,double ball end,SPL009,0.00001794,0.009,25.5,18.6,14.7,13.1,10.4,8.3,7.4,5.8,4.6,<MISSING>,<MISSING>,G4,treble,<MISSING>,g'|f'|e'|d'|c'|b|a|g,G4|F4|E4|D4|C4|B3|A3|G3
D'Addario,acoustic or electric,acoustic or electric guitar,Plain Steel,double ball end,SPL010,0.00002215,0.010,25.5,22.9,18.2,16.2,12.9,10.2,9.1,7.2,5.7,<MISSING>,<MISSING>,G4,treble,<MISSING>,g'|f'|e'|d'|c'|b|a|g,G4|F4|E4|D4|C4|B3|A3|G3
D'Addario,acoustic or electric,acoustic or electric guitar,Plain Steel,double ball end,SPL011,0.00002680,0.011,25.5,27.7,22.0,19.6,15.6,12.3,11.0,8.7,6.9,<MISSING>,<MISSING>,G4,treble,<MISSING>,g'|f'|e'|d'|c'|b|a|g,G4|F4|E4|D4|C4|B3|A3|G3
D'Addario,acoustic or electric,acoustic or electric guitar,Plain Steel,double ball end,SPL013,0.00003744,0.013,25.5,38.7,30.7,27.4,21.7,17.2,15.4,12.2,9.7,<MISSING>,<MISSING>,G4,treble,<MISSING>,g'|f'|e'|d'|c'|b|a|g,G4|F4|E4|D4|C4|B3|A3|G3
D'Addario,acoustic or electric,acoustic or electric guitar,Plain Steel,double ball end,SPL016,0.00005671,0.016,25.5,32.9,26.1,23.3,18.5,14.7,11.6,10.4,8.2,<MISSING>,<MISSING>,D4,treble,<MISSING>,d'|c'|b|a|g|f|e|d,D4|C4|B3|A3|G3|F3|E3|D3
D'Addario,acoustic or electric,acoustic or electric guitar,Plain Steel,double ball end,SPL017,0.00006402,0.017,25.5,37.2,29.5,26.3,20.9,16.6,13.1,11.7,9.3,<MISSING>,<MISSING>,D4,treble,<MISSING>,d'|c'|b|a|g|f|e|d,D4|C4|B3|A3|G3|F3|E3|D3
D'Addario,acoustic or electric,acoustic or electric guitar,XL,nickelplated steel round wound,NW017,0.00005524,0.017,25.5,-,18.0,14.3,11.3,10.1,8.0,6.4,5.7,<MISSING>,<MISSING>,A3,bass,<MISSING>,b|a|g|f|e|d|c|B,B3|A3|G3|F3|E3|D3|C3|B2
D'Addario,acoustic or electric,acoustic or electric guitar,XL,nickelplated steel round wound,NW018,0.00006215,0.018,25.5,25.5,20.2,16.1,12.8,11.4,9.0,7.2,6.4,<MISSING>,<MISSING>,B3,bass,<MISSING>,b|a|g|f|e|d|c|B,B3|A3|G3|F3|E3|D3|C3|B2
D'Addario,acoustic or electric,acoustic or electric guitar,XL,nickelplated steel round wound,NW019,0.00006947,0.019,25.5,28.5,22.6,18.0,14.3,12.7,10.1,8.0,7.1,<MISSING>,<MISSING>,B3,bass,<MISSING>,b|a|g|f|e|d|c|B,B3|A3|G3|F3|E3|D3|C3|B2
D'Addario,acoustic or electric,acoustic or electric guitar,XL,nickelplated steel round wound,NW020,0.00007495,0.020,25.5,-,24.4,19.4,15.4,13.7,10.9,8.6,7.7,<MISSING>,<MISSING>,A3,bass,<MISSING>,b|a|g|f|e|d|c|B,B3|A3|G3|F3|E3|D3|C3|B2
D'Addario,acoustic or electric,acoustic or electric guitar,XL,nickelplated steel round wound,NW021,0.00008293,0.021,25.5,34.0,27.0,21.4,17.0,15.2,12.0,9.6,8.5,<MISSING>,<MISSING>,B3,bass,<MISSING>,b|a|g|f|e|d|c|B,B3|A3|G3|F3|E3|D3|C3|B2
D'Addario,acoustic or electric,acoustic or electric guitar,XL,nickelplated steel round wound,NW022,0.00009184,0.022,25.5,37.7,29.9,23.7,18.8,16.8,13.3,10.6,9.4,<MISSING>,<MISSING>,B3,bass,<MISSING>,b|a|g|f|e|d|c|B,B3|A3|G3|F3|E3|D3|C3|B2
D'Addario,acoustic or electric,acoustic or electric guitar,XL,nickelplated steel round wound,NW024,0.00010857,0.024,25.5,44.6,35.4,28.1,22.3,19.8,15.8,12.5,11.1,<MISSING>,<MISSING>,B3,bass,<MISSING>,b|a|g|f|e|d|c|B,B3|A3|G3|F3|E3|D3|C3|B2
D'Addario,acoustic or electric,acoustic or electric guitar,XL,nickelplated steel round wound,NW026,0.00012671,0.026,25.5,-,41.3,32.8,26.0,23.2,18.4,14.6,13.0,<MISSING>,<MISSING>,A3,bass,<MISSING>,b|a|g|f|e|d|c|B,B3|A3|G3|F3|E3|D3|C3|B2
D'Addario,acoustic or electric,acoustic or electric guitar,XL,nickelplated steel round wound,NW028,0.00014666,0.028,25.5,30.1,26.8,21.3,16.9,15.1,11.9,9.5,7.5,<MISSING>,<MISSING>,F3,bass,<MISSING>,f|e|d|c|B|A|G|F,F3|E3|D3|C3|B2|A2|G2|F2
D'Addario,acoustic or electric,acoustic or electric guitar,XL,nickelplated steel round wound,NW030,0.00017236,0.030,25.5,35.4,31.5,25.0,19.9,17.7,14.0,11.1,8.8,<MISSING>,<MISSING>,F3,bass,<MISSING>,f|e|d|c|B|A|G|F,F3|E3|D3|C3|B2|A2|G2|F2
D'Addario,acoustic or electric,acoustic or electric guitar,XL,nickelplated steel round wound,NW032,0.00019347,0.032,25.5,39.7,35.4,28.1,22.3,19.9,15.8,12.5,9.9,<MISSING>,<MISSING>,F3,bass,<MISSING>,f|e|d|c|B|A|G|F,F3|E3|D3|C3|B2|A2|G2|F2
D'Addario,acoustic or electric,acoustic or electric guitar,XL,nickelplated steel round wound,NW034,0.00021590,0.034,25.5,44.3,39.5,31.3,24.9,22.2,17.6,14.0,11.1,<MISSING>,<MISSING>,F3,bass,<MISSING>,f|e|d|c|B|A|G|F,F3|E3|D3|C3|B2|A2|G2|F2
D'Addario,acoustic or electric,acoustic or electric guitar,XL,nickelplated steel round wound,NW036,0.00023964,0.036,25.5,49.2,43.8,34.8,27.6,24.6,19.5,15.5,12.3,<MISSING>,<MISSING>,F3,bass,<MISSING>,f|e|d|c|B|A|G|F,F3|E3|D3|C3|B2|A2|G2|F2
D'Addario,acoustic or electric,acoustic or electric guitar,XL,nickelplated steel round wound,NW038,0.00026471,0.038,25.5,54.3,48.4,38.4,30.5,27.2,21.6,17.1,13.6,<MISSING>,<MISSING>,F3,bass,<MISSING>,f|e|d|c|B|A|G|F,F3|E3|D3|C3|B2|A2|G2|F2
D'Addario,acoustic or electric,acoustic or electric guitar,XL,nickelplated steel round wound,NW039,0.00027932,0.039,25.5,32.2,28.7,22.8,18.1,14.3,12.8,10.1,8.0,<MISSING>,<MISSING>,C3,bass,<MISSING>,c|B|A|G|F|E|D|C,C3|B2|A2|G2|F2|E2|D2|C2
D'Addario,acoustic or electric,acoustic or electric guitar,XL,nickelplated steel round wound,NW042,0.00032279,0.042,25.5,37.2,33.1,26.3,20.9,16.6,14.8,11.7,9.3,<MISSING>,<MISSING>,C3,bass,<MISSING>,c|B|A|G|F|E|D|C,C3|B2|A2|G2|F2|E2|D2|C2
D'Addario,acoustic or electric,acoustic or electric guitar,XL,nickelplated steel round wound,NW044,0.00035182,0.044,25.5,40.5,36.1,28.7,22.7,18.0,16.1,12.8,10.1,<MISSING>,<MISSING>,C3,bass,<MISSING>,c|B|A|G|F|E|D|C,C3|B2|A2|G2|F2|E2|D2|C2
D'Addario,acoustic or electric,acoustic or electric guitar,XL,nickelplated steel round wound,NW046,0.00038216,0.046,25.5,44.0,39.2,31.1,24.7,19.6,17.5,13.9,11.0,<MISSING>,<MISSING>,C3,bass,<MISSING>,c|B|A|G|F|E|D|C,C3|B2|A2|G2|F2|E2|D2|C2
D'Addario,acoustic or electric,acoustic or electric guitar,XL,nickelplated steel round wound,NW048,0.00041382,0.048,25.5,47.7,42.5,33.7,26.8,21.2,18.9,15.0,11.9,<MISSING>,<MISSING>,C3,bass,<MISSING>,c|B|A|G|F|E|D|C,C3|B2|A2|G2|F2|E2|D2|C2
D'Addario,acoustic or electric,acoustic or electric guitar,XL,nickelplated steel round wound,NW049,0.00043014,0.049,25.5,49.5,44.2,35.0,27.8,22.1,19.7,15.6,12.4,<MISSING>,<MISSING>,C3,bass,<MISSING>,c|B|A|G|F|E|D|C,C3|B2|A2|G2|F2|E2|D2|C2
D'Addario,acoustic or electric,acoustic or electric guitar,XL,nickelplated steel round wound,NW052,0.00048109,0.052,25.5,55.4,49.4,39.2,31.1,24.7,22.0,17.4,13.9,<MISSING>,<MISSING>,C3,bass,<MISSING>,c|B|A|G|F|E|D|C,C3|B2|A2|G2|F2|E2|D2|C2
D'Addario,acoustic or electric,acoustic or electric guitar,XL,nickelplated steel round wound,NW054,0.00053838,0.054,25.5,43.9,34.8,27.6,24.6,19.5,15.5,13.8,11.0,<MISSING>,<MISSING>,A2,bass,<MISSING>,A|G|F|E|D|C|B'|A',A2|G2|F2|E2|D2|C2|B1|A1
D'Addario,acoustic or electric,acoustic or electric guitar,XL,nickelplated steel round wound,NW056,0.00057598,0.056,25.5,46.9,37.2,29.5,26.3,20.9,16.6,14.8,11.7,<MISSING>,<MISSING>,A2,bass,<MISSING>,A|G|F|E|D|C|B'|A',A2|G2|F2|E2|D2|C2|B1|A1
D'Addario,acoustic or electric,acoustic or electric guitar,XL,nickelplated steel round wound,NW059,0.00064191,0.059,25.5,52.3,41.5,32.9,29.3,23.3,18.5,16.4,13.1,<MISSING>,<MISSING>,A2,bass,<MISSING>,A|G|F|E|D|C|B'|A',A2|G2|F2|E2|D2|C2|B1|A1
D'Addario,acoustic or electric,acoustic or electric guitar,XL,nickelplated steel round wound,NW060,0.00066542,0.060,25.5,54.2,43.0,34.1,30.4,24.1,19.2,17.1,13.5,<MISSING>,<MISSING>,A2,bass,<MISSING>,A|G|F|E|D|C|B'|A',A2|G2|F2|E2|D2|C2|B1|A1
D'Addario,acoustic or electric,acoustic or electric guitar,XL,nickelplated steel round wound,NW062,0.00070697,0.062,25.5,57.6,45.7,36.3,32.3,25.6,20.4,18.1,14.4,<MISSING>,<MISSING>,A2,bass,<MISSING>,A|G|F|E|D|C|B'|A',A2|G2|F2|E2|D2|C2|B1|A1
D'Addario,acoustic or electric,acoustic or electric guitar,XL,nickelplated steel round wound,NW064,0.00074984,0.064,25.5,61.1,48.5,38.5,34.3,27.2,21.6,19.2,15.3,<MISSING>,<MISSING>,A2,bass,<MISSING>,A|G|F|E|D|C|B'|A',A2|G2|F2|E2|D2|C2|B1|A1
D'Addario,acoustic or electric,acoustic or electric guitar,XL,nickelplated steel round wound,NW066,0.00079889,0.066,25.5,65.1,51.6,41.0,36.5,29.0,23.0,20.5,16.3,<MISSING>,<MISSING>,A2,bass,<MISSING>,A|G|F|E|D|C|B'|A',A2|G2|F2|E2|D2|C2|B1|A1
D'Addario,acoustic or electric,acoustic or electric guitar,XL,nickelplated steel round wound,NW068,0.00084614,0.068,25.5,68.9,54.7,43.4,38.7,30.7,24.4,21.7,17.2,<MISSING>,<MISSING>,A2,bass,<MISSING>,A|G|F|E|D|C|B'|A',A2|G2|F2|E2|D2|C2|B1|A1
D'Addario,acoustic or electric,acoustic or electric guitar,XL,nickelplated steel round wound,NW070,0.00089304,0.070,25.5,72.7,57.7,45.8,40.8,32.4,25.7,22.9,18.2,<MISSING>,<MISSING>,A2,bass,<MISSING>,A|G|F|E|D|C|B'|A',A2|G2|F2|E2|D2|C2|B1|A1
D'Addario,acoustic or electric,acoustic or electric guitar,XL,nickelplated steel round wound,NW072,0.00094124,0.072,25.5,76.7,60.8,48.3,43.0,34.1,27.1,24.1,19.2,<MISSING>,<MISSING>,A2,bass,<MISSING>,A|G|F|E|D|C|B'|A',A2|G2|F2|E2|D2|C2|B1|A1
D'Addario,acoustic or electric,acoustic or electric guitar,XL,nickelplated steel round wound,NW074,0.00098869,0.074,25.5,80.5,63.9,50.7,45.2,35.9,28.5,25.3,20.1,<MISSING>,<MISSING>,A2,bass,<MISSING>,A|G|F|E|D|C|B'|A',A2|G2|F2|E2|D2|C2|B1|A1
D'Addario,acoustic or electric,acoustic or electric guitar,XL,nickelplated steel round wound,NW080,0.00115011,0.080,25.5,93.7,74.4,59.0,52.6,41.7,33.1,29.5,23.4,<MISSING>,<MISSING>,A2,bass,<MISSING>,A|G|F|E|D|C|B'|A',A2|G2|F2|E2|D2|C2|B1|A1
D'Addario,acoustic or electric,acoustic or electric guitar,XL,nickelplated steel round wound steinberger,SNW024,0.00010857,0.024,25.5,44.6,35.4,28.1,22.3,19.8,15.8,12.5,11.1,<MISSING>,<MISSING>,B3,bass,<MISSING>,b|a|g|f|e|d|c|B,B3|A3|G3|F3|E3|D3|C3|B2
D'Addario,acoustic or electric,acoustic or electric guitar,XL,nickelplated steel round wound steinberger,SNW026,0.00012671,0.026,25.5,-,41.3,32.8,26.0,23.2,18.4,14.6,13.0,<MISSING>,<MISSING>,A3,bass,<MISSING>,b|a|g|f|e|d|c|B,B3|A3|G3|F3|E3|D3|C3|B2
D'Addario,acoustic or electric,acoustic or electric guitar,XL,nickelplated steel round wound steinberger,SNW032,0.00019347,0.032,25.5,39.7,35.4,28.1,22.3,19.9,15.8,12.5,9.9,<MISSING>,<MISSING>,F3,bass,<MISSING>,f|e|d|c|B|A|G|F,F3|E3|D3|C3|B2|A2|G2|F2
D'Addario,acoustic or electric,acoustic or electric guitar,XL,nickelplated steel round wound steinberger,SNW036,0.00023964,0.036,25.5,49.2,43.8,34.8,27.6,24.6,19.5,15.5,12.3,<MISSING>,<MISSING>,F3,bass,<MISSING>,f|e|d|c|B|A|G|F,F3|E3|D3|C3|B2|A2|G2|F2
D'Addario,acoustic or electric,acoustic or electric guitar,XL,nickelplated steel round wound steinberger,SNW042,0.00032279,0.042,25.5,37.2,33.1,26.3,20.9,16.6,14.8,11.7,9.3,<MISSING>,<MISSING>,C3,bass,<MISSING>,c|B|A|G|F|E|D|C,C3|B2|A2|G2|F2|E2|D2|C2
D'Addario,acoustic or electric,acoustic or electric guitar,XL,nickelplated steel round wound steinberger,SNW046,0.00038216,0.046,25.5,44.0,39.2,31.1,24.7,19.6,17.5,13.9,11.0,<MISSING>,<MISSING>,C3,bass,<MISSING>,c|B|A|G|F|E|D|C,C3|B2|A2|G2|F2|E2|D2|C2
D'Addario,acoustic or electric,acoustic or electric guitar,XLS,stainless steel round wound,XSG018,0.00006588,0.018,25.5,27.0,21.5,17.0,13.5,12.0,9.6,7.6,6.8,<MISSING>,<MISSING>,B3,bass,<MISSING>,b|a|g|f|e|d|c|B,B3|A3|G3|F3|E3|D3|C3|B2
D'Addario,acoustic or electric,acoustic or electric guitar,XLS,stainless steel round wound,XSG020,0.00007919,0.020,25.5,-,25.8,20.5,16.2,14.5,11.5,9.1,8.1,<MISSING>,<MISSING>,A3,bass,<MISSING>,b|a|g|f|e|d|c|B,B3|A3|G3|F3|E3|D3|C3|B2
D'Addario,acoustic or electric,acoustic or electric guitar,XLS,stainless steel round wound,XSG021,0.00008774,0.021,25.5,-,28.6,22.7,18.0,16.0,12.7,10.1,9.0,<MISSING>,<MISSING>,A3,bass,<MISSING>,b|a|g|f|e|d|c|B,B3|A3|G3|F3|E3|D3|C3|B2
D'Addario,acoustic or electric,acoustic or electric guitar,XLS,stainless steel round wound,XSG022,0.00009731,0.022,25.5,39.9,31.7,25.2,20.0,17.8,14.1,11.2,10.0,<MISSING>,<MISSING>,B3,bass,<MISSING>,b|a|g|f|e|d|c|B,B3|A3|G3|F3|E3|D3|C3|B2
D'Addario,acoustic or electric,acoustic or electric guitar,XLS,stainless steel round wound,XSG024,0.00011501,0.024,25.5,-,37.5,29.7,23.6,21.0,16.7,13.2,11.8,<MISSING>,<MISSING>,A3,bass,<MISSING>,b|a|g|f|e|d|c|B,B3|A3|G3|F3|E3|D3|C3|B2
D'Addario,acoustic or electric,acoustic or electric guitar,XLS,stainless steel round wound,XSG026,0.00013419,0.026,25.5,-,43.7,34.7,27.5,24.5,19.5,15.5,13.8,<MISSING>,<MISSING>,A3,bass,<MISSING>,b|a|g|f|e|d|c|B,B3|A3|G3|F3|E3|D3|C3|B2
D'Addario,acoustic or electric,acoustic or electric guitar,XLS,stainless steel round wound,XSG028,0.00015493,0.028,25.5,31.8,28.3,22.5,17.8,15.9,12.6,10.0,7.9,<MISSING>,<MISSING>,F3,bass,<MISSING>,f|e|d|c|B|A|G|F,F3|E3|D3|C3|B2|A2|G2|F2
D'Addario,acoustic or electric,acoustic or electric guitar,XLS,stainless steel round wound,XSG030,0.00018203,0.030,25.5,37.4,33.3,26.4,21.0,18.7,14.8,11.8,9.3,<MISSING>,<MISSING>,F3,bass,<MISSING>,f|e|d|c|B|A|G|F,F3|E3|D3|C3|B2|A2|G2|F2
D'Addario,acoustic or electric,acoustic or electric guitar,XLS,stainless steel round wound,XSG032,0.00020398,0.032,25.5,41.9,37.3,29.6,23.5,20.9,16.6,13.2,10.5,<MISSING>,<MISSING>,F3,bass,<MISSING>,f|e|d|c|B|A|G|F,F3|E3|D3|C3|B2|A2|G2|F2
D'Addario,acoustic or electric,acoustic or electric guitar,XLS,stainless steel round wound,XSG034,0.00022729,0.034,25.5,46.6,41.6,33.0,26.2,23.3,18.5,14.7,11.7,<MISSING>,<MISSING>,F3,bass,<MISSING>,f|e|d|c|B|A|G|F,F3|E3|D3|C3|B2|A2|G2|F2
D'Addario,acoustic or electric,acoustic or electric guitar,XLS,stainless steel round wound,XSG036,0.00025198,0.036,25.5,51.7,46.1,36.6,29.0,25.9,20.5,16.3,12.9,<MISSING>,<MISSING>,F3,bass,<MISSING>,f|e|d|c|B|A|G|F,F3|E3|D3|C3|B2|A2|G2|F2
D'Addario,acoustic or electric,acoustic or electric guitar,XLS,stainless steel round wound,XSG038,0.00027804,0.038,25.5,-,50.8,40.3,32.0,28.5,22.6,18.0,14.3,<MISSING>,<MISSING>,E3,bass,<MISSING>,f|e|d|c|B|A|G|F,F3|E3|D3|C3|B2|A2|G2|F2
D'Addario,acoustic or electric,acoustic or electric guitar,XLS,stainless steel round wound,XSG040,0.00031044,0.040,25.5,35.8,31.9,25.3,20.1,15.9,14.2,11.3,8.9,<MISSING>,<MISSING>,C3,bass,<MISSING>,c|B|A|G|F|E|D|C,C3|B2|A2|G2|F2|E2|D2|C2
D'Addario,acoustic or electric,acoustic or electric guitar,XLS,stainless steel round wound,XSG042,0.00033924,0.042,25.5,39.1,34.8,27.6,21.9,17.4,15.5,12.3,9.8,<MISSING>,<MISSING>,C3,bass,<MISSING>,c|B|A|G|F|E|D|C,C3|B2|A2|G2|F2|E2|D2|C2
D'Addario,acoustic or electric,acoustic or electric guitar,XLS,stainless steel round wound,XSG046,0.00040096,0.046,25.5,46.2,41.2,32.7,25.9,20.6,18.3,14.5,11.5,<MISSING>,<MISSING>,C3,bass,<MISSING>,c|B|A|G|F|E|D|C,C3|B2|A2|G2|F2|E2|D2|C2
D'Addario,acoustic or electric,acoustic or electric guitar,XLS,stainless steel round wound,XSG048,0.00043387,0.048,25.5,50.0,44.5,35.3,28.0,22.3,19.8,15.7,12.5,<MISSING>,<MISSING>,C3,bass,<MISSING>,c|B|A|G|F|E|D|C,C3|B2|A2|G2|F2|E2|D2|C2
D'Addario,acoustic or electric,acoustic or electric guitar,XLS,stainless steel round wound,XSG050,0.00046816,0.050,25.5,53.9,48.1,38.1,30.3,24.0,21.4,17.0,13.5,<MISSING>,<MISSING>,C3,bass,<MISSING>,c|B|A|G|F|E|D|C,C3|B2|A2|G2|F2|E2|D2|C2
D'Addario,acoustic or electric,acoustic or electric guitar,XLS,stainless steel round wound,XSG052,0.00050382,0.052,25.5,58.0,51.7,41.0,32.6,25.8,23.0,18.3,14.5,<MISSING>,<MISSING>,C3,bass,<MISSING>,c|B|A|G|F|E|D|C,C3|B2|A2|G2|F2|E2|D2|C2
D'Addario,acoustic or electric,acoustic or electric guitar,XLS,stainless steel round wound,XSG054,0.00056388,0.054,25.5,45.9,36.5,28.9,25.8,20.4,16.2,14.4,11.5,<MISSING>,<MISSING>,A2,bass,<MISSING>,A|G|F|E|D|C|B'|A',A2|G2|F2|E2|D2|C2|B1|A1
D'Addario,acoustic or electric,acoustic or electric guitar,XLS,stainless steel round wound,XSG056,0.00060297,0.056,25.5,49.1,39.0,30.9,27.6,21.9,17.4,15.5,12.3,<MISSING>,<MISSING>,A2,bass,<MISSING>,A|G|F|E|D|C|B'|A',A2|G2|F2|E2|D2|C2|B1|A1
D'Addario,acoustic or electric,acoustic or electric guitar,XLS,stainless steel round wound,XSG070,0.00092592,0.070,25.5,75.4,59.9,47.5,42.3,33.6,26.7,23.7,18.9,<MISSING>,<MISSING>,A2,bass,<MISSING>,A|G|F|E|D|C|B'|A',A2|G2|F2|E2|D2|C2|B1|A1
D'Addario,acoustic or electric,acoustic or electric guitar,Half Round,stainless steel half round,HRG022,0.00011271,0.022,25.5,36.7,29.1,23.1,20.6,16.3,13.0,11.6,9.2,<MISSING>,<MISSING>,A3,bass,<MISSING>,a|g|f|e|d|c|B|A,A3|G3|F3|E3|D3|C3|B2|A2
D'Addario,acoustic or electric,acoustic or electric guitar,Half Round,stainless steel half round,HRG024,0.00012857,0.024,25.5,41.9,33.2,26.4,23.5,18.7,14.8,13.2,10.5,<MISSING>,<MISSING>,A3,bass,<MISSING>,a|g|f|e|d|c|B|A,A3|G3|F3|E3|D3|C3|B2|A2
D'Addario,acoustic or electric,acoustic or electric guitar,Half Round,stainless steel half round,HRG026,0.00014750,0.026,25.5,-,38.1,30.3,27.0,21.4,17.0,15.1,12.0,<MISSING>,<MISSING>,G3,bass,<MISSING>,a|g|f|e|d|c|B|A,A3|G3|F3|E3|D3|C3|B2|A2
D'Addario,acoustic or electric,acoustic or electric guitar,Half Round,stainless steel half round,HRG030,0.00018970,0.030,25.5,38.9,34.7,27.5,21.8,19.5,15.5,12.3,9.7,<MISSING>,<MISSING>,F3,bass,<MISSING>,f|e|d|c|B|A|G|F,F3|E3|D3|C3|B2|A2|G2|F2
D'Addario,acoustic or electric,acoustic or electric guitar,Half Round,stainless steel half round,HRG032,0.00021100,0.032,25.5,43.3,38.6,30.6,24.3,21.7,17.2,13.6,10.8,<MISSING>,<MISSING>,F3,bass,<MISSING>,f|e|d|c|B|A|G|F,F3|E3|D3|C3|B2|A2|G2|F2
D'Addario,acoustic or electric,acoustic or electric guitar,Half Round,stainless steel half round,HRG036,0.00025650,0.036,25.5,52.6,46.9,37.2,29.5,26.3,20.9,16.6,13.2,<MISSING>,<MISSING>,F3,bass,<MISSING>,f|e|d|c|B|A|G|F,F3|E3|D3|C3|B2|A2|G2|F2
D'Addario,acoustic or electric,acoustic or electric guitar,Half Round,stainless steel half round,HRG039,0.00029700,0.039,25.5,34.2,30.5,24.2,19.2,15.2,13.6,10.8,8.6,<MISSING>,<MISSING>,C3,bass,<MISSING>,c|B|A|G|F|E|D|C,C3|B2|A2|G2|F2|E2|D2|C2
D'Addario,acoustic or electric,acoustic or electric guitar,Half Round,stainless steel half round,HRG042,0.00033400,0.042,25.5,38.5,34.3,27.2,21.6,17.1,15.3,12.1,9.6,<MISSING>,<MISSING>,C3,bass,<MISSING>,c|B|A|G|F|E|D|C,C3|B2|A2|G2|F2|E2|D2|C2
D'Addario,acoustic or electric,acoustic or electric guitar,Half Round,stainless steel half round,HRG046,0.00039810,0.046,25.5,45.8,40.9,32.4,25.7,20.4,18.2,14.4,11.5,<MISSING>,<MISSING>,C3,bass,<MISSING>,c|B|A|G|F|E|D|C,C3|B2|A2|G2|F2|E2|D2|C2
D'Addario,acoustic or electric,acoustic or electric guitar,Half Round,stainless steel half round,HRG052,0.00049500,0.052,25.5,57.0,50.8,40.3,32.0,25.4,22.6,18.0,14.3,<MISSING>,<MISSING>,C3,bass,<MISSING>,c|B|A|G|F|E|D|C,C3|B2|A2|G2|F2|E2|D2|C2
D'Addario,acoustic or electric,acoustic or electric guitar,Half Round,stainless steel half round,HRG056,0.00056700,0.056,25.5,65.3,58.2,46.2,36.7,29.1,25.9,20.6,16.3,<MISSING>,<MISSING>,C3,bass,<MISSING>,c|B|A|G|F|E|D|C,C3|B2|A2|G2|F2|E2|D2|C2
D'Addario,acoustic or electric,acoustic or electric guitar,Chromes,stainless steel flat wound,CG020,0.00007812,0.020,25.5,32.1,25.4,20.2,16.0,14.3,11.3,9.0,8.0,<MISSING>,<MISSING>,B3,bass,<MISSING>,b|a|g|f|e|d|c|B,B3|A3|G3|F3|E3|D3|C3|B2
D'Addario,acoustic or electric,acoustic or electric guitar,Chromes,stainless steel flat wound,CG022,0.00009784,0.022,25.5,-,31.9,25.3,20.1,17.9,14.2,11.3,10.0,<MISSING>,<MISSING>,A3,bass,<MISSING>,b|a|g|f|e|d|c|B,B3|A3|G3|F3|E3|D3|C3|B2
D'Addario,acoustic or electric,acoustic or electric guitar,Chromes,stainless steel flat wound,CG024,0.00011601,0.024,25.5,-,37.8,30.0,23.8,21.2,16.8,13.4,11.9,<MISSING>,<MISSING>,A3,bass,<MISSING>,b|a|g|f|e|d|c|B,B3|A3|G3|F3|E3|D3|C3|B2
D'Addario,acoustic or electric,acoustic or electric guitar,Chromes,stainless steel flat wound,CG026,0.00013574,0.026,25.5,-,44.2,35.1,27.9,24.8,19.7,15.6,13.9,<MISSING>,<MISSING>,A3,bass,<MISSING>,b|a|g|f|e|d|c|B,B3|A3|G3|F3|E3|D3|C3|B2
D'Addario,acoustic or electric,acoustic or electric guitar,Chromes,stainless steel flat wound,CG028,0.00014683,0.028,25.5,38.0,30.1,26.8,21.3,16.9,15.1,12.0,9.5,<MISSING>,<MISSING>,G3,bass,<MISSING>,g|f|e|d|c|B|A|G,G3|F3|E3|D3|C3|B2|A2|G2
D'Addario,acoustic or electric,acoustic or electric guitar,Chromes,stainless steel flat wound,CG030,0.00016958,0.030,25.5,43.9,34.8,31.0,24.6,19.5,17.4,13.8,11.0,<MISSING>,<MISSING>,G3,bass,<MISSING>,g|f|e|d|c|B|A|G,G3|F3|E3|D3|C3|B2|A2|G2
D'Addario,acoustic or electric,acoustic or electric guitar,Chromes,stainless steel flat wound,CG032,0.00019233,0.032,25.5,49.7,39.5,35.2,27.9,22.1,19.7,15.7,12.4,<MISSING>,<MISSING>,G3,bass,<MISSING>,g|f|e|d|c|B|A|G,G3|F3|E3|D3|C3|B2|A2|G2
D'Addario,acoustic or electric,acoustic or electric guitar,Chromes,stainless steel flat wound,CG035,0.00024197,0.035,25.5,62.6,49.7,44.2,35.1,27.9,24.8,19.7,15.6,<MISSING>,<MISSING>,G3,bass,<MISSING>,g|f|e|d|c|B|A|G,G3|F3|E3|D3|C3|B2|A2|G2
D'Addario,acoustic or electric,acoustic or electric guitar,Chromes,stainless steel flat wound,CG038,0.00026520,0.038,25.5,38.5,30.5,27.2,21.6,17.1,13.6,12.1,9.6,<MISSING>,<MISSING>,D3,bass,<MISSING>,d|c|B|A|G|F|E|D,D3|C3|B2|A2|G2|F2|E2|D2
D'Addario,acoustic or electric,acoustic or electric guitar,Chromes,stainless steel flat wound,CG040,0.00031676,0.040,25.5,46.0,36.5,32.5,25.8,20.5,16.3,14.5,11.5,<MISSING>,<MISSING>,D3,bass,<MISSING>,d|c|B|A|G|F|E|D,D3|C3|B2|A2|G2|F2|E2|D2
D'Addario,acoustic or electric,acoustic or electric guitar,Chromes,stainless steel flat wound,CG042,0.00034377,0.042,25.5,49.9,39.6,35.3,28.0,22.2,17.6,15.7,12.5,<MISSING>,<MISSING>,D3,bass,<MISSING>,d|c|B|A|G|F|E|D,D3|C3|B2|A2|G2|F2|E2|D2
D'Addario,acoustic or electric,acoustic or electric guitar,Chromes,stainless steel flat wound,CG045,0.00040393,0.045,25.5,58.6,46.5,41.5,32.9,26.1,20.7,18.5,14.6,<MISSING>,<MISSING>,D3,bass,<MISSING>,d|c|B|A|G|F|E|D,D3|C3|B2|A2|G2|F2|E2|D2
D'Addario,acoustic or electric,acoustic or electric guitar,Chromes,stainless steel flat wound,CG048,0.00043541,0.048,25.5,35.5,28.1,22.3,19.9,15.8,12.5,11.2,8.9,<MISSING>,<MISSING>,A2,bass,<MISSING>,A|G|F|E|D|C|B'|A',A2|G2|F2|E2|D2|C2|B1|A1
D'Addario,acoustic or electric,acoustic or electric guitar,Chromes,stainless steel flat wound,CG050,0.00047042,0.050,25.5,38.3,30.4,24.1,21.5,17.1,13.5,12.1,9.6,<MISSING>,<MISSING>,A2,bass,<MISSING>,A|G|F|E|D|C|B'|A',A2|G2|F2|E2|D2|C2|B1|A1
D'Addario,acoustic or electric,acoustic or electric guitar,Chromes,stainless steel flat wound,CG052,0.00049667,0.052,25.5,40.5,32.1,25.5,22.7,18.0,14.3,12.7,10.1,<MISSING>,<MISSING>,A2,bass,<MISSING>,A|G|F|E|D|C|B'|A',A2|G2|F2|E2|D2|C2|B1|A1
D'Addario,acoustic or electric,acoustic or electric guitar,Chromes,stainless steel flat wound,CG056,0.00059075,0.056,25.5,48.1,38.2,30.3,27.0,21.4,17.0,15.1,12.0,<MISSING>,<MISSING>,A2,bass,<MISSING>,A|G|F|E|D|C|B'|A',A2|G2|F2|E2|D2|C2|B1|A1
D'Addario,acoustic or electric,acoustic or electric guitar,Chromes,stainless steel flat wound,CG065,0.00089364,0.065,25.5,72.8,57.8,45.8,40.8,32.4,25.7,22.9,18.2,<MISSING>,<MISSING>,A2,bass,<MISSING>,A|G|F|E|D|C|B'|A',A2|G2|F2|E2|D2|C2|B1|A1
D'Addario,folk,folk guitar,Black Nylon,black nylon ball end,BEB028,0.00002161,0.028,25.5,17.7,15.8,12.5,10.0,8.9,7.0,5.6,4.4,<MISSING>,<MISSING>,F4,treble,<MISSING>,f'|e'|d'|c'|b|a|g|f,F4|E4|D4|C4|B3|A3|G3|F3
D'Addario,folk,folk guitar,Black Nylon,black nylon ball end,BEB032,0.00002778,0.032,25.5,22.8,20.3,16.1,12.8,11.4,9.1,7.2,5.7,<MISSING>,<MISSING>,F4,treble,<MISSING>,f'|e'|d'|c'|b|a|g|f,F4|E4|D4|C4|B3|A3|G3|F3
D'Addario,folk,folk guitar,Black Nylon,black nylon ball end,BEB040,0.00004873,0.040,25.5,40.0,35.6,28.3,22.4,20.0,15.9,12.6,10.0,<MISSING>,<MISSING>,F4,treble,<MISSING>,f'|e'|d'|c'|b|a|g|f,F4|E4|D4|C4|B3|A3|G3|F3
D'Addario,folk,folk guitar,Clear Nylon,clear nylon ball end,BEC028,0.00002133,0.028,25.5,17.5,15.6,12.4,9.8,8.8,7.0,5.5,4.4,<MISSING>,<MISSING>,F4,treble,<MISSING>,f'|e'|d'|c'|b|a|g|f,F4|E4|D4|C4|B3|A3|G3|F3
D'Addario,folk,folk guitar,Clear Nylon,clear nylon ball end,BEC032,0.00002754,0.032,25.5,22.6,20.1,16.0,12.7,11.3,9.0,7.1,5.7,<MISSING>,<MISSING>,F4,treble,<MISSING>,f'|e'|d'|c'|b|a|g|f,F4|E4|D4|C4|B3|A3|G3|F3
D'Addario,folk,folk guitar,Clear Nylon,clear nylon ball end,BEC040,0.00004447,0.040,25.5,36.5,32.5,25.8,20.5,18.2,14.5,11.5,9.1,<MISSING>,<MISSING>,F4,treble,<MISSING>,f'|e'|d'|c'|b|a|g|f,F4|E4|D4|C4|B3|A3|G3|F3
D'Addario,folk,folk guitar,80/20 Brass,80/20 brass wound on nylon ball end,BEB031W,0.00011650,0.031,25.5,21.3,16.9,13.4,12.0,9.5,7.5,6.0,5.3,<MISSING>,<MISSING>,E3,bass,<MISSING>,e|d|c|B|A|G|F|E,E3|D3|C3|B2|A2|G2|F2|E2
D'Addario,folk,folk guitar,80/20 Brass,80/20 brass wound on nylon ball end,BEB037W,0.00018785,0.037,25.5,-,-,21.6,19.3,15.3,12.1,9.6,8.6,<MISSING>,<MISSING>,C3,bass,<MISSING>,e|d|c|B|A|G|F|E,E3|D3|C3|B2|A2|G2|F2|E2
D'Addario,folk,folk guitar,80/20 Brass,80/20 brass wound on nylon ball end,BEB045W,0.00030850,0.045,25.5,-,-,-,-,25.1,19.9,15.8,14.1,<MISSING>,<MISSING>,A2,bass,<MISSING>,e|d|c|B|A|G|F|E,E3|D3|C3|B2|A2|G2|F2|E2
D'Addario,folk,folk guitar,Silverplated Copper,silverplated copper wound on nylon ball end,BES031W,0.00012271,0.031,25.5,22.4,17.8,14.1,12.6,10.0,7.9,6.3,5.6,<MISSING>,<MISSING>,E3,bass,<MISSING>,e|d|c|B|A|G|F|E,E3|D3|C3|B2|A2|G2|F2|E2
D'Addario,folk,folk guitar,Silverplated Copper,silverplated copper wound on nylon ball end,BES037W,0.00020258,0.037,25.5,-,-,23.3,20.8,16.5,13.1,10.4,9.3,<MISSING>,<MISSING>,C3,bass,<MISSING>,e|d|c|B|A|G|F|E,E3|D3|C3|B2|A2|G2|F2|E2
D'Addario,folk,folk guitar,Silverplated Copper,silverplated copper wound on nylon ball end,BES045W,0.00033257,0.045,25.5,-,-,-,-,-,21.5,17.1,15.2,<MISSING>,<MISSING>,G2,bass,<MISSING>,e|d|c|B|A|G|F|E,E3|D3|C3|B2|A2|G2|F2|E2
